楽曲名,難易度,楽曲レベル,クリアランク,スコアグレード,ハイスコア,プレー回数,クリア回数,ULTIMATE CHAIN,PERFECT
アワデコノヨヲ,MAXIMUM,17,EXCESSIVE COMPLETE,AAA,9751243,1,1,0,0
SAtAN,MAXIMUM,18,COMPLETE,AA,9361439,4,1,0,0
disordered asia,MAXIMUM,16,EXCESSIVE COMPLETE,S,9900841,3,3,0,0
Divine's:Bugscript,MAXIMUM,18,COMPLETE,AA+,9616216,3,3,0,0
Two of Us,MAXIMUM,15,EXCESSIVE COMPLETE,AAA,9730215,3,3,0,0
Dreaming feat.nomico,MAXIMUM,17,EXCESSIVE COMPLETE,AAA+,9843581,4,4,0,0
私の恋色。,MAXIMUM,16,EXCESSIVE COMPLETE,S,9917163,2,2,0,0
Arcade Prison,MAXIMUM,17,EXCESSIVE COMPLETE,AAA,9739073,1,1,0,0
Evans,MAXIMUM,18,COMPLETE,AA+,9608282,3,3,0,0
Oriens,MAXIMUM,17,EXCESSIVE COMPLETE,AAA,9737149,1,1,0,0
Decoy,MAXIMUM,17,EXCESSIVE COMPLETE,AAA,9784869,1,1,0,0
New Leaf,MAXIMUM,18,EXCESSIVE COMPLETE,AA+,9676275,3,3,0,0
β,MAXIMUM,17,EXCESSIVE COMPLETE,AAA,9792830,1,1,0,0
RHYZING BEAT,MAXIMUM,18,EXCESSIVE COMPLETE,AA+,9612381,3,3,0,0
Re：End of a Dream,MAXIMUM,18,COMPLETE,AA,9302649,1,1,0,0
業焔繚乱,GRAVITY,18,COMPLETE,AA,9498069,3,3,0,0
Sky High,MAXIMUM,18,COMPLETE,AA,9433448,2,1,0,0
スピーカーガール！,GRAVITY,16,EXCESSIVE COMPLETE,AAA,9791142,1,1,0,0
CHERNOBOG,MAXIMUM,18,COMPLETE,AA+,9500611,3,1,0,0
ビビットストリーム,MAXIMUM,16,EXCESSIVE COMPLETE,AAA+,9816676,1,1,0,0
Phlox,MAXIMUM,17,EXCESSIVE COMPLETE,AAA,9763033,1,1,0,0
蟲の棲む処,MAXIMUM,17,EXCESSIVE COMPLETE,AAA+,9840025,4,4,0,0
Royal Judgement,GRAVITY,17,EXCESSIVE COMPLETE,AA+,9519331,2,1,0,0
ロプノールの商隊,MAXIMUM,17,EXCESSIVE COMPLETE,AAA,9732678,2,2,0,0
惑星☆ロリポップ,MAXIMUM,16,EXCESSIVE COMPLETE,AAA+,9803392,1,1,0,0
分けるな危険！モモモモモモーイズム,MAXIMUM,17,EXCESSIVE COMPLETE,AA+,9650568,1,1,0,0
Awakening,EXHAUST,17,EXCESSIVE COMPLETE,AAA,9790330,2,1,0,0
Awakening,MAXIMUM,19,PLAYED,AA,9303934,3,0,0,0
Wings of Glory,EXHAUST,15,PLAYED,S,9917081,1,0,0,0
Wings of Glory,MAXIMUM,18,EXCESSIVE COMPLETE,AA+,9651112,3,2,0,0
crossing blue,EXHAUST,16,PLAYED,AAA,9784849,1,0,0,0
crossing blue,MAXIMUM,18,COMPLETE,AA+,9639285,5,1,0,0
Xéroa,EXHAUST,17,EXCESSIVE COMPLETE,AAA,9703000,2,1,0,0
BlueMoon Princess,EXHAUST,16,PLAYED,AAA+,9876698,1,0,0,0
BlueMoon Princess,MAXIMUM,18,COMPLETE,AA,9480349,2,1,0,0
プラネタジャーニー,EXHAUST,14,PLAYED,AAA+,9874213,1,0,0,0
プラネタジャーニー,MAXIMUM,17,EXCESSIVE COMPLETE,AA+,9655172,3,2,0,0
メルヘン風紀委員会,EXHAUST,14,PLAYED,S,9901960,1,0,0,0
メルヘン風紀委員会,MAXIMUM,17,PLAYED,AA+,9619928,2,0,0,0
Яe's NoVǢ,EXHAUST,15,EXCESSIVE COMPLETE,AAA+,9860627,3,2,0,0
Яe's NoVǢ,MAXIMUM,18,COMPLETE,AA+,9683030,2,1,0,0
からくりピエロ,MAXIMUM,16,EXCESSIVE COMPLETE,AAA+,9856262,1,1,0,0
GERBERA-For Finalists-,EXHAUST,17,EXCESSIVE COMPLETE,AA+,9602330,4,3,0,0
GERBERA-For Finalists-,MAXIMUM,19,PLAYED,A,8825950,1,0,0,0
Libera me,MAXIMUM,17,EXCESSIVE COMPLETE,AA+,9544134,2,2,0,0
ワールズエンド・ダンスホール,MAXIMUM,18,COMPLETE,AA,9428715,2,1,0,0
I,ADVANCED,15,EXCESSIVE COMPLETE,S,9918831,3,1,0,0
I,EXHAUST,18,EXCESSIVE COMPLETE,AAA,9725935,3,2,0,0
A Lasting Promise,EXHAUST,17,EXCESSIVE COMPLETE,AA+,9574095,10,8,0,0
CUTE-Reflection,EXHAUST,14,PLAYED,S,9933774,1,0,0,0
CUTE-Reflection,MAXIMUM,17,PLAYED,AA+,9685950,2,0,0,0
Cloud 9,EXHAUST,16,EXCESSIVE COMPLETE,AAA+,9817407,2,1,0,0
Cloud 9,MAXIMUM,18,COMPLETE,AA+,9568081,6,1,0,0
Sacrifice and Faith,EXHAUST,15,EXCESSIVE COMPLETE,AAA+,9892648,3,2,0,0
Sacrifice and Faith,MAXIMUM,18,COMPLETE,AA+,9578797,4,3,0,0
神話に芽吹く,EXHAUST,15,EXCESSIVE COMPLETE,AAA+,9897735,3,2,0,0
神話に芽吹く,MAXIMUM,18,COMPLETE,AA+,9517081,11,1,0,0
僕らの時間,MAXIMUM,17,PLAYED,AAA,9733606,2,0,0,0
羅生門,EXHAUST,15,EXCESSIVE COMPLETE,S,9908316,2,1,0,0
羅生門,MAXIMUM,17,PLAYED,AAA,9739527,1,0,0,0
Last Resort,ADVANCED,14,PLAYED,AAA+,9831460,1,0,0,0
Last Resort,EXHAUST,17,EXCESSIVE COMPLETE,AAA+,9811275,4,2,0,0
Last Resort,MAXIMUM,19,PLAYED,C,6965811,2,0,0,0
BREAKNECK NY☆N! NY★N!,MAXIMUM,17,EXCESSIVE COMPLETE,AAA,9789991,1,1,0,0
planetarium,MAXIMUM,17,EXCESSIVE COMPLETE,AA+,9618760,3,3,0,0
MONOLITH,MAXIMUM,18,EXCESSIVE COMPLETE,AA+,9681027,2,2,0,0
Lionheart,MAXIMUM,16,EXCESSIVE COMPLETE,AAA+,9802169,1,1,0,0
Random Box,MAXIMUM,16,EXCESSIVE COMPLETE,AAA+,9867579,1,1,0,0
CARNIVOROUS,MAXIMUM,17,EXCESSIVE COMPLETE,AAA+,9804432,1,1,0,0
スカイダイバー,MAXIMUM,16,EXCESSIVE COMPLETE,S,9906156,1,1,0,0
SPACE VILLAGE,MAXIMUM,17,EXCESSIVE COMPLETE,AA+,9671464,1,1,0,0
それは花火のような恋,MAXIMUM,17,EXCESSIVE COMPLETE,AA+,9611082,3,3,0,0
トキメキストリーム,MAXIMUM,16,EXCESSIVE COMPLETE,S,9904076,1,1,0,0
びいすと！,MAXIMUM,18,EXCESSIVE COMPLETE,AAA,9745540,5,5,0,0
VOLTEXES IV,MAXIMUM,17,EXCESSIVE COMPLETE,AAA,9710920,1,1,0,0
メイビ～初恋！？ビスケット☆大作戦,MAXIMUM,18,COMPLETE,AA+,9569983,3,3,0,0
Lost wing at.0,MAXIMUM,17,EXCESSIVE COMPLETE,AAA,9757281,2,2,0,0
НУМЛ,EXHAUST,15,EXCESSIVE COMPLETE,AAA+,9808160,2,2,0,0
НУМЛ,MAXIMUM,18,PLAYED,AA,9305177,13,0,0,0
極彩天奏,EXHAUST,15,EXCESSIVE COMPLETE,AAA+,9852941,1,1,0,0
極彩天奏,MAXIMUM,18,EXCESSIVE COMPLETE,AA,9482257,4,4,0,0
Zelophilia,MAXIMUM,17,EXCESSIVE COMPLETE,AAA,9733290,5,5,0,0
ツキアカリ,MAXIMUM,17,EXCESSIVE COMPLETE,AAA+,9840364,2,2,0,0
ボーイミーツ・ブルー,MAXIMUM,17,EXCESSIVE COMPLETE,AAA,9791666,4,4,0,0
ルミナスデイズ,MAXIMUM,16,EXCESSIVE COMPLETE,S,9908616,1,1,0,0
Lowermost revolt,MAXIMUM,18,COMPLETE,AA+,9617750,4,4,0,0
Royal Action,MAXIMUM,17,EXCESSIVE COMPLETE,AA+,9532004,4,4,0,0
KAC 2013 ULTIMATE MEDLEY -HISTORIA SOUND VOLTEX- Empress Side,EXHAUST,19,COMPLETE,AA+,9507121,3,1,0,0
おにいちゃんハイテック,MAXIMUM,17,EXCESSIVE COMPLETE,AAA+,9894475,5,5,0,0
Chaotic Romance,MAXIMUM,17,EXCESSIVE COMPLETE,AAA+,9800918,2,2,0,0
Khionos TiARA,EXHAUST,16,EXCESSIVE COMPLETE,AAA+,9879171,1,1,0,0
Khionos TiARA,MAXIMUM,18,COMPLETE,AA+,9512448,3,2,0,0
Goddess Bless you,EXHAUST,15,EXCESSIVE COMPLETE,S,9904357,1,1,0,0
Goddess Bless you,MAXIMUM,18,COMPLETE,AA+,9576236,6,6,0,0
Xibercannon,EXHAUST,15,ULTIMATE CHAIN,AAA+,9896171,3,3,1,0
Xibercannon,MAXIMUM,17,EXCESSIVE COMPLETE,AAA+,9803386,3,3,0,0
Destruction & Qreation,MAXIMUM,17,EXCESSIVE COMPLETE,AA+,9652635,1,1,0,0
DropZ-Line-,MAXIMUM,18,COMPLETE,AA,9353689,5,3,0,0
PIERROT KNIfE,MAXIMUM,17,EXCESSIVE COMPLETE,AA+,9670025,2,1,0,0
OPEN MY GATE,EXHAUST,15,PLAYED,S,9935535,1,0,0,0
OPEN MY GATE,MAXIMUM,18,COMPLETE,AA+,9511400,6,4,0,0
All Clear!!,EXHAUST,14,EXCESSIVE COMPLETE,S,9916134,2,1,0,0
All Clear!!,MAXIMUM,17,EXCESSIVE COMPLETE,AAA,9701568,5,4,0,0
Cy-Bird,EXHAUST,14,PLAYED,AAA+,9872783,1,0,0,0
Cy-Bird,MAXIMUM,17,EXCESSIVE COMPLETE,AA+,9619260,4,3,0,0
#SpeedyCats,EXHAUST,16,EXCESSIVE COMPLETE,AAA,9766325,3,2,0,0
#SpeedyCats,MAXIMUM,18,COMPLETE,AA,9318734,3,2,0,0
TWO-TORIAL,ADVANCED,14,PLAYED,S,9918730,1,0,0,0
TWO-TORIAL,EXHAUST,17,EXCESSIVE COMPLETE,AA+,9610630,7,3,0,0
TWO-TORIAL,MAXIMUM,19,PLAYED,A+,9267791,7,0,0,0
Hug!! Vs. Hug!!,EXHAUST,16,PLAYED,AAA+,9835782,1,0,0,0
Hug!! Vs. Hug!!,MAXIMUM,18,COMPLETE,AA,9325581,3,2,0,0
BEAST BASS BOMB,EXHAUST,15,EXCESSIVE COMPLETE,AAA+,9874686,4,3,0,0
BEAST BASS BOMB,MAXIMUM,18,COMPLETE,AA+,9576100,3,1,0,0
Far Away,EXHAUST,14,PLAYED,AAA+,9897017,1,0,0,0
Far Away,MAXIMUM,17,EXCESSIVE COMPLETE,AAA,9749879,3,2,0,0
闇夜に舞うは紅の華,EXHAUST,15,EXCESSIVE COMPLETE,S,9930555,2,1,0,0
闇夜に舞うは紅の華,MAXIMUM,17,EXCESSIVE COMPLETE,AA+,9658931,4,3,0,0
GERBERA,EXHAUST,16,EXCESSIVE COMPLETE,S,9901713,1,1,0,0
GERBERA,MAXIMUM,18,COMPLETE,AA,9495677,7,1,0,0
It's a new day!,MAXIMUM,16,EXCESSIVE COMPLETE,AAA+,9888718,1,1,0,0
HP:1,EXHAUST,15,EXCESSIVE COMPLETE,AAA+,9838833,1,1,0,0
HP:1,MAXIMUM,18,COMPLETE,A+,9232250,2,1,0,0
QUAKE,MAXIMUM,17,EXCESSIVE COMPLETE,AAA,9762071,3,3,0,0
゜*。Chantilly Fille。*°,MAXIMUM,16,EXCESSIVE COMPLETE,S,9908517,1,1,0,0
春時雨,MAXIMUM,16,EXCESSIVE COMPLETE,AAA+,9863501,1,1,0,0
Fairy in Strasbourg,MAXIMUM,16,EXCESSIVE COMPLETE,AAA+,9827709,3,3,0,0
Poppin’Cats!!,EXHAUST,15,ULTIMATE CHAIN,S,9952006,1,1,1,0
Poppin’Cats!!,MAXIMUM,17,EXCESSIVE COMPLETE,AA+,9659224,1,1,0,0
DREAMING-ING!!,MAXIMUM,16,EXCESSIVE COMPLETE,S,9900776,2,2,0,0
怒槌,EXHAUST,15,EXCESSIVE COMPLETE,AAA+,9899532,2,2,0,0
怒槌,MAXIMUM,18,COMPLETE,AA+,9545061,7,4,0,0
Scarlet Lance,EXHAUST,15,EXCESSIVE COMPLETE,AAA+,9835831,1,1,0,0
Scarlet Lance,MAXIMUM,18,COMPLETE,AA,9494926,4,3,0,0
セイクリッド ルイン,EXHAUST,15,ULTIMATE CHAIN,S,9946473,1,1,1,0
セイクリッド ルイン,MAXIMUM,18,COMPLETE,AA,9443963,3,1,0,0
炎夏の音,MAXIMUM,17,EXCESSIVE COMPLETE,AAA+,9856262,8,8,0,0
狂騒こども節,MAXIMUM,16,EXCESSIVE COMPLETE,S,9911016,1,1,0,0
新米天使のメランコリー,MAXIMUM,16,EXCESSIVE COMPLETE,AAA+,9812912,2,2,0,0
地球防衛乙女パンナコッター,MAXIMUM,16,EXCESSIVE COMPLETE,AAA+,9874100,1,1,0,0
テレポーテーションでやってきた彼とのその後の顛末,MAXIMUM,16,EXCESSIVE COMPLETE,AAA+,9858541,1,1,0,0
ペタ靴と憂夜リムーバー,EXHAUST,15,ULTIMATE CHAIN,S,9951716,2,2,1,0
ペタ靴と憂夜リムーバー,MAXIMUM,17,EXCESSIVE COMPLETE,AAA,9763220,1,1,0,0
キリステゴメン,MAXIMUM,17,EXCESSIVE COMPLETE,AAA,9765831,2,2,0,0
けもののおうじゃ★めうめう,MAXIMUM,17,EXCESSIVE COMPLETE,AAA+,9832848,2,2,0,0
シノビシノノメ,MAXIMUM,16,EXCESSIVE COMPLETE,AAA+,9816176,4,4,0,0
銃弾は解を撃ち抜いて,MAXIMUM,17,EXCESSIVE COMPLETE,AAA,9726970,2,1,0,0
Drizzly Venom,MAXIMUM,17,EXCESSIVE COMPLETE,AAA,9795719,1,1,0,0
ナイト・オブ・ロンド,MAXIMUM,16,EXCESSIVE COMPLETE,S,9948830,1,1,0,0
ミラクル・スイート・スイーツ・マジック！！,MAXIMUM,16,EXCESSIVE COMPLETE,AAA+,9856596,1,1,0,0
couleur automnes de chocolat,MAXIMUM,16,EXCESSIVE COMPLETE,AAA+,9805945,4,4,0,0
Ghost Trigger,EXHAUST,15,EXCESSIVE COMPLETE,AAA,9760132,5,5,0,0
Ghost Trigger,MAXIMUM,18,COMPLETE,AA+,9625151,4,4,0,0
Sadistic Stabbing,MAXIMUM,17,EXCESSIVE COMPLETE,AAA+,9887307,3,3,0,0
Time to Air (jazz it up style),MAXIMUM,16,EXCESSIVE COMPLETE,AAA+,9803179,3,3,0,0
チルノのパーフェクトさんすう教室　⑨周年バージョン,MAXIMUM,16,EXCESSIVE COMPLETE,AAA+,9833535,2,2,0,0
Doppelganger,EXHAUST,16,EXCESSIVE COMPLETE,AAA+,9828256,3,3,0,0
Doppelganger,MAXIMUM,18,EXCESSIVE COMPLETE,AA+,9613202,7,7,0,0
NEON LOVE♥POTION!!!,MAXIMUM,17,EXCESSIVE COMPLETE,AA+,9568385,7,4,0,0
444,MAXIMUM,17,EXCESSIVE COMPLETE,AAA+,9848484,4,4,0,0
waxing and wanding(SS Remix),MAXIMUM,16,EXCESSIVE COMPLETE,AAA+,9872213,3,3,0,0
WONDER_WOBBLER,MAXIMUM,17,EXCESSIVE COMPLETE,AA+,9683202,3,2,0,0
Glitter Flatter Scatter,EXHAUST,16,EXCESSIVE COMPLETE,AAA+,9869109,2,2,0,0
Glitter Flatter Scatter,MAXIMUM,18,COMPLETE,AA+,9598778,11,10,0,0
Claidheamh Soluis-光の剣- feat.はるの,MAXIMUM,16,EXCESSIVE COMPLETE,AAA+,9859976,2,2,0,0
のぼれ八坂坂！,EXHAUST,15,EXCESSIVE COMPLETE,S,9948702,1,1,0,0
のぼれ八坂坂！,MAXIMUM,18,COMPLETE,AA+,9563816,7,4,0,0
胸の中で誰かが,MAXIMUM,15,EXCESSIVE COMPLETE,S,9918444,2,2,0,0
Apocrypha,MAXIMUM,17,EXCESSIVE COMPLETE,S,9906832,6,6,0,0
Grand-Guignol,EXHAUST,16,EXCESSIVE COMPLETE,S,9906073,2,2,0,0
Grand-Guignol,MAXIMUM,18,EXCESSIVE COMPLETE,AAA,9717741,4,4,0,0
獅子奮迅,EXHAUST,15,EXCESSIVE COMPLETE,AAA+,9886524,2,2,0,0
獅子奮迅,MAXIMUM,17,EXCESSIVE COMPLETE,AA+,9648506,2,2,0,0
Spirit of the Beast,EXHAUST,16,EXCESSIVE COMPLETE,AAA+,9879564,1,1,0,0
Spirit of the Beast,MAXIMUM,18,EXCESSIVE COMPLETE,AA+,9594028,3,2,0,0
Fáfnir,EXHAUST,15,EXCESSIVE COMPLETE,S,9945778,2,2,0,0
Fáfnir,MAXIMUM,17,EXCESSIVE COMPLETE,AAA+,9845333,4,4,0,0
Concertino in Blue,EXHAUST,15,EXCESSIVE COMPLETE,AAA+,9803017,6,6,0,0
Concertino in Blue,MAXIMUM,18,COMPLETE,AA,9390100,5,3,0,0
ULTiMATE INFLATiON,EXHAUST,16,EXCESSIVE COMPLETE,AAA+,9811178,2,1,0,0
ULTiMATE INFLATiON,MAXIMUM,18,COMPLETE,AA+,9506666,6,3,0,0
神獄烙桜,EXHAUST,16,EXCESSIVE COMPLETE,AAA,9770390,16,14,0,0
神獄烙桜,MAXIMUM,18,COMPLETE,AA+,9523121,7,5,0,0
Juggler's Maddness,EXHAUST,16,EXCESSIVE COMPLETE,S,9916825,5,3,0,0
Juggler's Maddness,MAXIMUM,18,COMPLETE,AA+,9581419,9,3,0,0
Staring at star,EXHAUST,17,EXCESSIVE COMPLETE,AAA,9768960,2,1,0,0
Staring at star,MAXIMUM,19,COMPLETE,AA+,9512043,15,5,0,0
セイレーン ～悲壮の竪琴～,ADVANCED,14,ULTIMATE CHAIN,S,9963284,1,1,1,0
セイレーン ～悲壮の竪琴～,EXHAUST,17,EXCESSIVE COMPLETE,AAA,9743647,8,5,0,0
セイレーン ～悲壮の竪琴～,MAXIMUM,19,PLAYED,AA,9314219,24,0,0,0
Dyscontrolled Galaxy,ADVANCED,14,EXCESSIVE COMPLETE,AAA+,9886006,4,3,0,0
Dyscontrolled Galaxy,EXHAUST,17,EXCESSIVE COMPLETE,AA+,9521956,15,10,0,0
Dyscontrolled Galaxy,MAXIMUM,19,PLAYED,B,8341685,8,0,0,0
Deadly force,EXHAUST,17,EXCESSIVE COMPLETE,AA+,9694085,4,3,0,0
Deadly force,MAXIMUM,19,COMPLETE,A+,9201349,14,4,0,0
FIN4LE ～終止線の彼方へ～,ADVANCED,15,EXCESSIVE COMPLETE,S,9955317,3,2,0,0
FIN4LE ～終止線の彼方へ～,EXHAUST,18,EXCESSIVE COMPLETE,AA+,9516227,7,4,0,0
WHITEOUT,ADVANCED,15,EXCESSIVE COMPLETE,S,9917929,2,1,0,0
WHITEOUT,EXHAUST,18,EXCESSIVE COMPLETE,AA+,9669573,6,5,0,0
Mirrorwall,EXHAUST,16,EXCESSIVE COMPLETE,AAA+,9830449,4,3,0,0
Mirrorwall,MAXIMUM,18,COMPLETE,AA,9471247,13,8,0,0
Theme of Ricerca,MAXIMUM,18,COMPLETE,AA+,9542253,2,2,0,0
Altale,MAXIMUM,17,EXCESSIVE COMPLETE,AA,9488294,6,4,0,0
PUPA,EXHAUST,16,EXCESSIVE COMPLETE,AA+,9664179,3,3,0,0
PUPA,MAXIMUM,18,COMPLETE,AA,9430017,17,1,0,0
Game Over,MAXIMUM,17,EXCESSIVE COMPLETE,AAA+,9837716,5,5,0,0
JUNKIE FLAVOR,EXHAUST,16,EXCESSIVE COMPLETE,AA+,9691780,2,2,0,0
JUNKIE FLAVOR,MAXIMUM,18,PLAYED,A+,9200109,18,0,0,0
dreamin' of u,MAXIMUM,16,EXCESSIVE COMPLETE,AAA+,9828605,1,1,0,0
rhythmology study,MAXIMUM,17,EXCESSIVE COMPLETE,AA+,9639612,4,4,0,0
Legendary Road,EXHAUST,16,EXCESSIVE COMPLETE,AAA+,9871350,3,3,0,0
SACRIFICE feat.ayame,MAXIMUM,18,COMPLETE,AA+,9621315,11,7,0,0
廃獄ドリームランド,MAXIMUM,17,EXCESSIVE COMPLETE,AAA+,9828362,3,3,0,0
Burn everything,MAXIMUM,16,EXCESSIVE COMPLETE,S,9913280,3,3,0,0
冒涜的選択のアレグリア ft. Mayumi Morinaga,MAXIMUM,15,ULTIMATE CHAIN,S,9964813,2,2,1,0
Root Consciousness,MAXIMUM,16,EXCESSIVE COMPLETE,AAA+,9851547,3,3,0,0
オンディーヌの泪,MAXIMUM,17,EXCESSIVE COMPLETE,S,9941956,5,5,0,0
ゴーストマスコット,MAXIMUM,16,ULTIMATE CHAIN,S,9943217,1,1,1,0
Gorgetech,EXHAUST,15,EXCESSIVE COMPLETE,AAA+,9856373,6,6,0,0
Gorgetech,MAXIMUM,18,EXCESSIVE COMPLETE,AA+,9557761,6,5,0,0
少女救世論,MAXIMUM,16,EXCESSIVE COMPLETE,AAA+,9866238,9,8,0,0
Sweet Requiem,EXHAUST,16,EXCESSIVE COMPLETE,S,9905213,3,3,0,0
Sweet Requiem,MAXIMUM,18,EXCESSIVE COMPLETE,AA+,9686221,17,10,0,0
SprrRush!!,MAXIMUM,15,EXCESSIVE COMPLETE,S,9930486,1,1,0,0
つるぺったん,MAXIMUM,16,EXCESSIVE COMPLETE,AAA+,9842443,3,3,0,0
ぱあ,MAXIMUM,16,EXCESSIVE COMPLETE,AAA+,9866838,7,7,0,0
Finale,MAXIMUM,17,EXCESSIVE COMPLETE,AAA,9763888,4,4,0,0
I feel something for you,MAXIMUM,15,ULTIMATE CHAIN,S,9904996,1,1,1,0
透明な記憶の風穴,MAXIMUM,16,EXCESSIVE COMPLETE,S,9954600,1,1,0,0
FIRE IN MY HEART,MAXIMUM,18,EXCESSIVE COMPLETE,AA+,9667225,6,6,0,0
幽玄の桜,MAXIMUM,17,EXCESSIVE COMPLETE,AAA,9738095,5,5,0,0
雷鼓サンダービート,EXHAUST,15,EXCESSIVE COMPLETE,S,9916349,3,3,0,0
雷鼓サンダービート,MAXIMUM,18,COMPLETE,AA+,9548872,4,3,0,0
Regretful Flower,MAXIMUM,16,EXCESSIVE COMPLETE,S,9917660,3,3,0,0
私とあなたのMYOURENJI☆,MAXIMUM,16,EXCESSIVE COMPLETE,S,9914698,3,3,0,0
Vigor,MAXIMUM,17,EXCESSIVE COMPLETE,AAA,9787840,10,10,0,0
The Golden Era,EXHAUST,15,ULTIMATE CHAIN,AAA+,9865900,3,3,1,0
The Golden Era,MAXIMUM,18,COMPLETE,AA+,9501549,5,4,0,0
405nm(Shu※mix),MAXIMUM,17,EXCESSIVE COMPLETE,AAA,9714889,2,2,0,0
Mind Mapping(ag Remix),MAXIMUM,16,EXCESSIVE COMPLETE,S,9959584,3,3,0,0
恋とキングコング,MAXIMUM,15,ULTIMATE CHAIN,S,9943862,1,1,1,0
Technical Master,MAXIMUM,17,EXCESSIVE COMPLETE,AAA+,9806866,3,3,0,0
Dystopia,MAXIMUM,15,EXCESSIVE COMPLETE,S,9939180,4,4,0,0
トーホータノシ feat. 抹,MAXIMUM,16,EXCESSIVE COMPLETE,AAA+,9893984,3,2,0,0
NEWBORN CRYING,MAXIMUM,16,EXCESSIVE COMPLETE,AAA+,9892336,6,6,0,0
物凄いスペースシャトルでこいしが物凄いうた,EXHAUST,15,EXCESSIVE COMPLETE,S,9905857,2,2,0,0
物凄いスペースシャトルでこいしが物凄いうた,MAXIMUM,17,EXCESSIVE COMPLETE,AA+,9664412,6,5,0,0
Crystallize Forest,MAXIMUM,15,EXCESSIVE COMPLETE,S,9933422,2,2,0,0
Blue Fire,MAXIMUM,16,EXCESSIVE COMPLETE,S,9912280,4,4,0,0
Voltage Higher,MAXIMUM,17,EXCESSIVE COMPLETE,AAA+,9823708,4,4,0,0
Gaze ft. 紫崎 雪,MAXIMUM,15,EXCESSIVE COMPLETE,S,9927335,1,1,0,0
Junk Mania,EXHAUST,15,ULTIMATE CHAIN,S,9945226,1,1,1,0
Junk Mania,MAXIMUM,17,EXCESSIVE COMPLETE,AAA,9718693,2,2,0,0
雪月花 (Shiron & Sound Artz Remix),MAXIMUM,16,EXCESSIVE COMPLETE,AAA+,9884645,2,2,0,0
Narcissus At Oasis (Freezer Remix),MAXIMUM,16,EXCESSIVE COMPLETE,AAA,9751023,1,1,0,0
We Go Down,EXHAUST,15,ULTIMATE CHAIN,S,9922663,5,5,1,0
We Go Down,MAXIMUM,18,COMPLETE,AA+,9543996,9,6,0,0
The Formula,EXHAUST,15,EXCESSIVE COMPLETE,S,9904416,4,4,0,0
The Formula,MAXIMUM,18,EXCESSIVE COMPLETE,AAA,9785234,11,11,0,0
Inscape,MAXIMUM,17,EXCESSIVE COMPLETE,AAA,9777256,3,3,0,0
VAMPIRE,MAXIMUM,16,EXCESSIVE COMPLETE,AAA+,9871993,4,4,0,0
クリスタルミサイル,MAXIMUM,14,EXCESSIVE COMPLETE,S,9940047,2,2,0,0
Smoked Turkey Rag,MAXIMUM,17,EXCESSIVE COMPLETE,AAA,9749563,3,3,0,0
Cepheus,EXHAUST,15,EXCESSIVE COMPLETE,S,9909365,3,3,0,0
Cepheus,MAXIMUM,18,EXCESSIVE COMPLETE,AA+,9546318,5,5,0,0
湖底遺跡のヴィダー・ハル,MAXIMUM,15,EXCESSIVE COMPLETE,S,9971671,3,3,0,0
sink into the dream,MAXIMUM,17,EXCESSIVE COMPLETE,AAA,9734545,9,7,0,0
Genesis At Oasis (Hirayasu Matsudo Remix),MAXIMUM,16,EXCESSIVE COMPLETE,AAA+,9835414,6,3,0,0
パンダヒーロー,MAXIMUM,15,EXCESSIVE COMPLETE,S,9909152,2,2,0,0
POLICY BREAK Medley from SOUND VOLTEX×jubeat,MAXIMUM,18,COMPLETE,AA,9375886,2,1,0,0
マトリョシカ,MAXIMUM,16,EXCESSIVE COMPLETE,AAA+,9815126,3,3,0,0
Line 4 Ruin -kohumix-,MAXIMUM,17,EXCESSIVE COMPLETE,AA+,9652223,2,2,0,0
ナナイロライト,MAXIMUM,15,EXCESSIVE COMPLETE,S,9910296,4,4,0,0
iLLness LiLin,ADVANCED,15,EXCESSIVE COMPLETE,AAA+,9899244,2,2,0,0
iLLness LiLin,EXHAUST,17,EXCESSIVE COMPLETE,AA+,9612403,12,12,0,0
iLLness LiLin,MAXIMUM,20,PLAYED,A+,9004773,11,0,0,0
ΩVERSOUL,EXHAUST,16,EXCESSIVE COMPLETE,AAA,9767156,6,5,0,0
ΩVERSOUL,MAXIMUM,18,COMPLETE,AA,9401791,17,8,0,0
Gamerz FestivaL,EXHAUST,16,ULTIMATE CHAIN,S,9912330,1,1,1,0
Gamerz FestivaL,MAXIMUM,18,EXCESSIVE COMPLETE,AAA,9714893,15,11,0,0
Sailing Force,EXHAUST,17,EXCESSIVE COMPLETE,AA+,9659163,5,4,0,0
Sailing Force,MAXIMUM,19,COMPLETE,AA,9399509,22,13,0,0
超☆超☆光☆速☆出☆前☆最☆速!!! スピード★スター★かなで,EXHAUST,17,EXCESSIVE COMPLETE,AA+,9626494,2,2,0,0
超☆超☆光☆速☆出☆前☆最☆速!!! スピード★スター★かなで,MAXIMUM,18,COMPLETE,AA,9346986,8,1,0,0
Rebellio,EXHAUST,17,EXCESSIVE COMPLETE,AAA,9714285,7,6,0,0
Rebellio,MAXIMUM,18,COMPLETE,AA,9461301,9,6,0,0
Fly far bounce,MAXIMUM,17,EXCESSIVE COMPLETE,AA+,9631422,3,2,0,0
Carry Me Away,MAXIMUM,17,EXCESSIVE COMPLETE,AAA,9792358,4,4,0,0
壊Rave*it!! 壊Rave*it!!,EXHAUST,15,EXCESSIVE COMPLETE,AAA+,9844425,2,2,0,0
壊Rave*it!! 壊Rave*it!!,MAXIMUM,18,COMPLETE,AA+,9626951,10,5,0,0
SO FLY ME TO YOU,MAXIMUM,15,EXCESSIVE COMPLETE,S,9913385,8,8,0,0
Narcissus At Oasis -影虎。 style-,MAXIMUM,16,EXCESSIVE COMPLETE,AAA+,9872023,14,13,0,0
Boss Rush,EXHAUST,15,EXCESSIVE COMPLETE,S,9906896,2,2,0,0
Boss Rush,MAXIMUM,18,COMPLETE,AAA,9731095,9,6,0,0
If,MAXIMUM,17,EXCESSIVE COMPLETE,AAA,9730226,5,5,0,0
infinite:youniverse,EXHAUST,14,EXCESSIVE COMPLETE,S,9930006,1,1,0,0
infinite:youniverse,MAXIMUM,17,EXCESSIVE COMPLETE,AAA,9752818,5,5,0,0
Immortal saga,EXHAUST,16,EXCESSIVE COMPLETE,AAA+,9801043,6,3,0,0
Immortal saga,MAXIMUM,18,COMPLETE,AA,9366968,18,1,0,0
Fin.ArcDeaR,EXHAUST,17,EXCESSIVE COMPLETE,AA+,9677906,11,8,0,0
Fin.ArcDeaR,MAXIMUM,19,COMPLETE,A+,9242144,13,1,0,0
HE4VEN ～天国へようこそ～,ADVANCED,15,EXCESSIVE COMPLETE,AAA+,9801429,3,3,0,0
HE4VEN ～天国へようこそ～,EXHAUST,17,EXCESSIVE COMPLETE,AA+,9696261,11,10,0,0
HE4VEN ～天国へようこそ～,MAXIMUM,20,COMPLETE,AA,9308252,17,1,0,0
Make Magic,EXHAUST,16,EXCESSIVE COMPLETE,AAA+,9899463,5,3,0,0
Make Magic,MAXIMUM,18,COMPLETE,AA+,9655442,7,4,0,0
ケムマキunderground,EXHAUST,15,EXCESSIVE COMPLETE,S,9907773,1,1,0,0
ケムマキunderground,MAXIMUM,17,EXCESSIVE COMPLETE,AAA+,9800621,10,10,0,0
盗宝,MAXIMUM,16,ULTIMATE CHAIN,S,9906651,2,2,1,0
刃の如く ft. ネコメアリ,MAXIMUM,15,ULTIMATE CHAIN,S,9917417,12,12,3,0
デュアルメモリ,MAXIMUM,17,EXCESSIVE COMPLETE,AAA,9737762,1,1,0,0
Engraved Mark-Gow's ill! RMX-,MAXIMUM,16,EXCESSIVE COMPLETE,AAA+,9830295,3,3,0,0
Sakura Mirage -Drum'n World-,MAXIMUM,17,EXCESSIVE COMPLETE,AAA,9737631,5,4,0,0
準備運動,EXHAUST,15,EXCESSIVE COMPLETE,AAA+,9816481,4,4,0,0
準備運動,MAXIMUM,18,COMPLETE,A+,9058347,10,2,0,0
fancy cake!!,MAXIMUM,16,EXCESSIVE COMPLETE,AAA+,9848891,1,1,0,0
Rebuilding of Paradise Lost,MAXIMUM,17,EXCESSIVE COMPLETE,AAA+,9863147,7,6,0,0
黎明スケッチブック,MAXIMUM,17,EXCESSIVE COMPLETE,AAA+,9802123,4,3,0,0
ドリームエンド・サバイバー,EXHAUST,16,EXCESSIVE COMPLETE,AAA+,9829877,1,1,0,0
ドリームエンド・サバイバー,MAXIMUM,18,EXCESSIVE COMPLETE,AA+,9687055,12,11,0,0
キュリオシティ,EXHAUST,15,EXCESSIVE COMPLETE,AAA+,9852579,12,12,0,0
キュリオシティ,MAXIMUM,18,COMPLETE,AA+,9531250,20,5,0,0
Noisy Minority,EXHAUST,15,EXCESSIVE COMPLETE,AAA+,9854984,8,8,0,0
Noisy Minority,MAXIMUM,18,COMPLETE,AA+,9532898,23,13,0,0
3y3s (JMBS FUNKOT RMX),MAXIMUM,17,EXCESSIVE COMPLETE,AAA,9752424,5,4,0,0
Aragami,EXHAUST,15,EXCESSIVE COMPLETE,S,9910025,2,2,0,0
Aragami,MAXIMUM,17,EXCESSIVE COMPLETE,AA+,9636005,6,6,0,0
Alice Maestera,MAXIMUM,14,ULTIMATE CHAIN,S,9958904,3,3,1,0
斑鳩,EXHAUST,13,EXCESSIVE COMPLETE,S,9982554,1,1,0,0
斑鳩,MAXIMUM,16,EXCESSIVE COMPLETE,AAA+,9863861,3,3,0,0
インビジブル,MAXIMUM,16,EXCESSIVE COMPLETE,AAA+,9812007,4,4,0,0
インフルエンサー・イズ・デッド,EXHAUST,13,EXCESSIVE COMPLETE,S,9951284,1,1,0,0
インフルエンサー・イズ・デッド,MAXIMUM,16,EXCESSIVE COMPLETE,AAA+,9856300,3,3,0,0
裏表ラバーズ,MAXIMUM,16,EXCESSIVE COMPLETE,AAA,9796116,18,18,0,0
永遠に幸せになる方法、見つけました。,EXHAUST,13,EXCESSIVE COMPLETE,S,9916492,1,1,0,0
永遠に幸せになる方法、見つけました。,MAXIMUM,18,COMPLETE,AA+,9557632,5,3,0,0
EDEN of TRUTH,MAXIMUM,17,EXCESSIVE COMPLETE,AAA,9785673,4,4,0,0
Aurora(Latinized Style),MAXIMUM,15,EXCESSIVE COMPLETE,S,9920152,1,1,0,0
オトゲラヴ！,MAXIMUM,16,EXCESSIVE COMPLETE,AAA+,9866710,2,2,0,0
朧 (kamome sano remix),MAXIMUM,15,EXCESSIVE COMPLETE,S,9908127,7,7,0,0
Candy Star,MAXIMUM,16,ULTIMATE CHAIN,AAA+,9896088,3,3,1,0
きゅん×きゅんばっきゅん☆LOVE,MAXIMUM,15,EXCESSIVE COMPLETE,S,9943371,1,1,0,0
JUGGLE,MAXIMUM,17,EXCESSIVE COMPLETE,AA+,9628664,3,3,0,0
JULIAN,MAXIMUM,16,EXCESSIVE COMPLETE,AAA,9787449,7,6,0,0
水槽のクジラ,MAXIMUM,17,EXCESSIVE COMPLETE,AAA+,9886032,18,16,0,0
starmine (nora2r Remix),MAXIMUM,16,EXCESSIVE COMPLETE,AAA+,9827810,2,2,0,0
Second Heaven GravityPfArrange,MAXIMUM,16,EXCESSIVE COMPLETE,AAA,9737231,11,11,0,0
千本桜,MAXIMUM,15,EXCESSIVE COMPLETE,S,9904605,4,4,0,0
零の位相,MAXIMUM,17,EXCESSIVE COMPLETE,AAA+,9876009,4,4,0,0
Dharma,MAXIMUM,17,EXCESSIVE COMPLETE,AA+,9695431,13,11,0,0
Chocolate Planet,EXHAUST,15,EXCESSIVE COMPLETE,S,9911477,1,1,0,0
Chocolate Planet,MAXIMUM,17,EXCESSIVE COMPLETE,AAA,9728289,4,3,0,0
Take to Lips,MAXIMUM,15,EXCESSIVE COMPLETE,S,9952504,1,1,0,0
トラウマ催眠少女さとり！,MAXIMUM,16,EXCESSIVE COMPLETE,S,9900482,5,5,0,0
TRICKL4SH 220,EXHAUST,16,EXCESSIVE COMPLETE,AAA+,9831184,3,3,0,0
TRICKL4SH 220,MAXIMUM,18,EXCESSIVE COMPLETE,AA+,9664582,9,5,0,0
Dreadnought,EXHAUST,16,EXCESSIVE COMPLETE,AAA+,9870161,3,3,0,0
Dreadnought,MAXIMUM,18,COMPLETE,AA+,9596311,9,5,0,0
New Game feat.Mayumi Morinaga,MAXIMUM,15,EXCESSIVE COMPLETE,S,9913936,1,1,0,0
Nostalgia,MAXIMUM,15,EXCESSIVE COMPLETE,S,9950209,1,1,0,0
HiGHER,MAXIMUM,16,EXCESSIVE COMPLETE,AAA+,9852467,4,4,0,0
Four Leaves,MAXIMUM,17,EXCESSIVE COMPLETE,AAA,9780433,2,2,0,0
Heavenly Adventure,MAXIMUM,17,EXCESSIVE COMPLETE,AA+,9662283,4,4,0,0
HEAVENLY SMILE,MAXIMUM,17,EXCESSIVE COMPLETE,AAA,9772455,6,5,0,0
bass 2 bass [Tracy vs. Astronomical Remix],MAXIMUM,16,EXCESSIVE COMPLETE,S,9935241,3,3,0,0
Poppin' Shower,MAXIMUM,16,EXCESSIVE COMPLETE,S,9907407,2,2,0,0
焔 -MAGMA-,MAXIMUM,17,EXCESSIVE COMPLETE,AAA+,9838949,5,4,0,0
LOVE EAST,MAXIMUM,15,EXCESSIVE COMPLETE,S,9914285,1,1,0,0
Solar Storm,EXHAUST,18,COMPLETE,AA+,9553162,9,8,0,0
{albus},EXHAUST,17,EXCESSIVE COMPLETE,AAA,9701492,5,5,0,0
いつかの夢、またねの約束。,EXHAUST,14,EXCESSIVE COMPLETE,S,9913106,1,1,0,0
#Endroll,EXHAUST,18,COMPLETE,AA,9406660,10,1,0,0
Quaint Echo,EXHAUST,18,EXCESSIVE COMPLETE,AA+,9540292,7,7,0,0
Zero-Day Exploit,EXHAUST,17,EXCESSIVE COMPLETE,AAA+,9828125,8,6,0,0
ヒミツダイヤル,EXHAUST,15,ULTIMATE CHAIN,S,9914122,1,1,1,0
Metamorphobia,EXHAUST,17,EXCESSIVE COMPLETE,AAA,9776164,5,4,0,0
ゆうしゃのふゆやすみ,EXHAUST,15,EXCESSIVE COMPLETE,S,9902225,4,4,0,0
REGALIA,EXHAUST,17,EXCESSIVE COMPLETE,AAA+,9813592,9,9,0,0
シアワセうさぎ,EXHAUST,13,ULTIMATE CHAIN,S,9967213,2,2,1,0
Lonly Ranunculus,EXHAUST,15,ULTIMATE CHAIN,S,9900159,6,6,4,0
JOMANDA,EXHAUST,17,EXCESSIVE COMPLETE,AA+,9652742,5,5,0,0
極圏,EXHAUST,18,COMPLETE,AA+,9665369,12,9,0,0
極圏,HEAVENLY,19,PLAYED,AA+,9510682,6,0,0,0
アルティメットトゥルース -Phantasm-,EXHAUST,17,COMPLETE,AA,9439223,12,7,0,0
Issen,EXHAUST,15,EXCESSIVE COMPLETE,S,9941383,4,4,0,0
Clash of swords,EXHAUST,17,EXCESSIVE COMPLETE,AAA+,9851019,12,11,0,0
ジャンピン・スマイル,EXHAUST,15,EXCESSIVE COMPLETE,S,9911651,1,1,0,0
Spice Road,EXHAUST,13,EXCESSIVE COMPLETE,S,9936708,4,4,0,0
東方妖々夢 ULTIMATE MEDLEY,EXHAUST,18,EXCESSIVE COMPLETE,AAA,9704954,10,10,0,0
Phantom dinning tonight!,EXHAUST,16,EXCESSIVE COMPLETE,S,9930270,6,6,0,0
lost chain,EXHAUST,13,EXCESSIVE COMPLETE,S,9943661,2,2,0,0
IKAROS DYNAMITE!!!!,EXHAUST,18,COMPLETE,AA+,9625000,27,21,0,0
Emperor's Divide,EXHAUST,17,EXCESSIVE COMPLETE,AAA+,9807403,6,6,0,0
cross the future,EXHAUST,17,EXCESSIVE COMPLETE,AAA+,9862127,6,5,0,0
GEOMETRIA,EXHAUST,18,COMPLETE,AA,9490196,13,3,0,0
絶対零度,EXHAUST,18,EXCESSIVE COMPLETE,AAA,9742371,23,17,0,0
↓↓↓,EXHAUST,18,EXCESSIVE COMPLETE,AAA,9783478,16,16,0,0
ネコクマウササー,EXHAUST,15,EXCESSIVE COMPLETE,S,9909152,3,3,0,0
Prayer,EXHAUST,18,EXCESSIVE COMPLETE,AAA,9770474,16,16,0,0
バイナリスター,EXHAUST,13,EXCESSIVE COMPLETE,S,9908088,2,2,0,0
Shirogane,EXHAUST,14,ULTIMATE CHAIN,S,9930811,2,2,1,0
そして紫の幻想曲は全てを受け入れる,EXHAUST,17,EXCESSIVE COMPLETE,AA+,9650328,10,9,0,0
Fabula Nova,EXHAUST,15,EXCESSIVE COMPLETE,AAA+,9860576,5,5,0,0
MAGATORO,EXHAUST,16,ULTIMATE CHAIN,AAA+,9899481,7,7,1,0
You Know-SDVX EDIT-,EXHAUST,16,EXCESSIVE COMPLETE,S,9934782,2,2,0,0
ANTI THE∞HOLiC,EXHAUST,17,EXCESSIVE COMPLETE,AAA+,9845644,7,5,0,0
０=Xerostrumental=,EXHAUST,17,EXCESSIVE COMPLETE,AAA,9727107,10,10,0,0
Halcyon,EXHAUST,17,EXCESSIVE COMPLETE,AAA,9709533,6,5,0,0
FLügeL《Λrp:ΣggyØ》,ADVANCED,13,COMPLETE,S,9913254,1,1,0,0
FLügeL《Λrp:ΣggyØ》,EXHAUST,18,COMPLETE,AA,9456947,10,1,0,0
イブの時代っ！,EXHAUST,14,ULTIMATE CHAIN,S,9989599,2,2,1,0
Angelic Jelly,EXHAUST,16,EXCESSIVE COMPLETE,S,9926695,4,2,0,0
Angelic Jelly,GRAVITY,18,COMPLETE,AA,9444444,9,8,0,0
Grand Chariot,EXHAUST,16,ULTIMATE CHAIN,S,9919129,8,7,1,0
Grand Chariot,GRAVITY,17,EXCESSIVE COMPLETE,AA+,9652195,12,11,0,0
StrayedCatz,EXHAUST,15,ULTIMATE CHAIN,S,9929478,2,1,1,0
StrayedCatz,GRAVITY,17,EXCESSIVE COMPLETE,AA+,9556119,13,5,0,0
Sephirot,EXHAUST,13,ULTIMATE CHAIN,S,9920030,4,2,1,0
Sephirot,GRAVITY,17,EXCESSIVE COMPLETE,AAA+,9859424,4,3,0,0
ZEPHYRANTHES,EXHAUST,13,COMPLETE,S,9939678,3,1,0,0
ZEPHYRANTHES,GRAVITY,17,EXCESSIVE COMPLETE,AAA,9782608,8,5,0,0
DIABLOSIS::Nāga,EXHAUST,17,EXCESSIVE COMPLETE,AAA+,9814814,5,5,0,0
DIABLOSIS::Nāga,GRAVITY,19,COMPLETE,AA+,9549337,23,16,0,0
Triple Counter,EXHAUST,17,EXCESSIVE COMPLETE,AAA+,9871264,6,6,0,0
Triple Counter,GRAVITY,18,COMPLETE,AA+,9695074,9,6,0,0
NEO TREASON,EXHAUST,16,EXCESSIVE COMPLETE,AAA+,9825737,8,5,0,0
NEO TREASON,GRAVITY,18,COMPLETE,AA+,9530700,21,9,0,0
Lord=Crossight,EXHAUST,17,EXCESSIVE COMPLETE,AAA+,9812536,19,17,0,0
Lord=Crossight,GRAVITY,19,COMPLETE,AA+,9571801,15,10,0,0
eastward -sdvx edit-,EXHAUST,16,EXCESSIVE COMPLETE,AAA+,9853542,6,6,0,0
Voynich:Manuscript,EXHAUST,17,EXCESSIVE COMPLETE,AAA,9703643,18,14,0,0
Completeness Under Incompleteness,EXHAUST,16,EXCESSIVE COMPLETE,AAA+,9852709,10,7,0,0
Completeness Under Incompleteness,GRAVITY,18,COMPLETE,AA,9452088,10,7,0,0
The End of War,EXHAUST,17,EXCESSIVE COMPLETE,AA+,9609544,16,16,0,0
Celestial stinger,EXHAUST,16,EXCESSIVE COMPLETE,AAA+,9866310,8,6,0,0
Celestial stinger,GRAVITY,18,EXCESSIVE COMPLETE,AA+,9583333,4,3,0,0
B.B.K.K.B.K.K.,EXHAUST,17,EXCESSIVE COMPLETE,AAA+,9800443,14,12,0,0
akasha-assembly,EXHAUST,17,EXCESSIVE COMPLETE,AAA+,9856519,16,16,0,0
ウエンレラの氷華,EXHAUST,16,EXCESSIVE COMPLETE,AAA+,9840703,9,7,0,0
ウエンレラの氷華,GRAVITY,17,EXCESSIVE COMPLETE,AA+,9652042,4,2,0,0
Everything but the Girl,EXHAUST,13,ULTIMATE CHAIN,S,9961890,4,4,1,0
Ok!! Hug Me,EXHAUST,16,EXCESSIVE COMPLETE,AAA+,9880046,9,4,0,0
Ok!! Hug Me,GRAVITY,18,EXCESSIVE COMPLETE,AA+,9684526,5,4,0,0
Death Blossom,EXHAUST,15,ULTIMATE CHAIN,S,9963333,4,4,1,0
Never Let It End,EXHAUST,13,ULTIMATE CHAIN,S,9972899,4,4,1,0
Paradission,EXHAUST,17,EXCESSIVE COMPLETE,AAA,9702088,19,19,0,0
MERRiESTxHOLiC,EXHAUST,13,ULTIMATE CHAIN,S,9941176,1,1,1,0
Laughin' Muffin,EXHAUST,16,EXCESSIVE COMPLETE,S,9924297,2,2,0,0
Locus of Control,EXHAUST,13,EXCESSIVE COMPLETE,S,9982541,5,5,0,0
Lo-Fi-M,EXHAUST,16,EXCESSIVE COMPLETE,AAA+,9850498,4,3,0,0
或る春の日,EXHAUST,14,EXCESSIVE COMPLETE,S,9972844,7,7,0,0
ゲキツイムラサ,EXHAUST,17,EXCESSIVE COMPLETE,AAA,9728506,12,10,0,0
善悪の頂にある真実,EXHAUST,13,EXCESSIVE COMPLETE,S,9975144,5,5,0,0
Solitude & Nightmare,EXHAUST,16,EXCESSIVE COMPLETE,S,9923615,3,3,0,0
Discover the Life,EXHAUST,16,EXCESSIVE COMPLETE,S,9910061,3,3,0,0
ancient garden,EXHAUST,16,ULTIMATE CHAIN,S,9937500,4,3,1,0
Get back here,EXHAUST,16,EXCESSIVE COMPLETE,S,9921448,3,3,0,0
Get back here,GRAVITY,17,EXCESSIVE COMPLETE,AA+,9682501,6,6,0,0
Time to Air -Fly High Remix-,EXHAUST,17,EXCESSIVE COMPLETE,AAA,9760802,14,14,0,0
Deadly Dolly Dance,EXHAUST,17,EXCESSIVE COMPLETE,AAA,9755116,10,10,0,0
花ノ下連歌,EXHAUST,16,EXCESSIVE COMPLETE,S,9951121,8,8,0,0
Mermaid girl (Tropical Remix),EXHAUST,15,ULTIMATE CHAIN,S,9906069,12,12,1,0
Ultimate Ascension,EXHAUST,18,EXCESSIVE COMPLETE,AA+,9618104,19,12,0,0
Smooth Wind,EXHAUST,15,EXCESSIVE COMPLETE,S,9907680,11,11,0,0
鳥と桜と嘴と,EXHAUST,13,EXCESSIVE COMPLETE,S,9951164,2,2,0,0
NECRO PARTY,EXHAUST,16,EXCESSIVE COMPLETE,S,9920483,2,2,0,0
ハイスピヰド・ランパンシヰ,EXHAUST,16,EXCESSIVE COMPLETE,AAA+,9868503,7,7,0,0
Help me， ERINNNNNN!! -VENUS mix-,EXHAUST,16,EXCESSIVE COMPLETE,S,9903069,3,3,0,0
仙酌絶唱のファンタジア,EXHAUST,15,EXCESSIVE COMPLETE,S,9938988,4,4,0,0
I'm so happy(Happy Hoppin Remix),EXHAUST,13,ULTIMATE CHAIN,S,9952324,6,6,1,0
碧の疾風,EXHAUST,13,ULTIMATE CHAIN,S,9972577,3,3,1,0
UROBØROS,EXHAUST,17,EXCESSIVE COMPLETE,AAA+,9816459,11,11,0,0
Critical Crystal(brz_remix),EXHAUST,13,ULTIMATE CHAIN,S,9924882,1,1,1,0
Sweet little Lily,EXHAUST,13,EXCESSIVE COMPLETE,S,9967989,4,3,0,0
雪月花 -さわわRemix-,EXHAUST,17,EXCESSIVE COMPLETE,AAA,9762783,16,16,0,0
Help me， ERINNNNNN!! -Cranky remix-,EXHAUST,17,EXCESSIVE COMPLETE,AAA,9731599,7,7,0,0
Mind Mapping (hard liquid remix),EXHAUST,15,EXCESSIVE COMPLETE,S,9947472,5,5,0,0
双星ルミネセンス,EXHAUST,16,ULTIMATE CHAIN,S,9921914,2,2,1,0
Apex of the World,EXHAUST,17,EXCESSIVE COMPLETE,AAA+,9859719,12,11,0,0
Endless GRAVITY,EXHAUST,18,EXCESSIVE COMPLETE,AA+,9603538,9,9,0,0
crescent moon,EXHAUST,13,ULTIMATE CHAIN,S,9944253,3,3,1,0
GRISAILLE,EXHAUST,16,EXCESSIVE COMPLETE,S,9900166,1,1,0,0
侍Annihilate!!,EXHAUST,18,EXCESSIVE COMPLETE,AAA,9770194,15,15,0,0
CENSORED!!,EXHAUST,17,EXCESSIVE COMPLETE,AAA,9750821,17,16,0,0
Destroy,EXHAUST,16,EXCESSIVE COMPLETE,S,9918140,5,5,0,0
Destroy,GRAVITY,17,EXCESSIVE COMPLETE,AAA,9706798,19,13,0,0
ブチアゲドクター☆ハイテッコ三姉妹,EXHAUST,15,ULTIMATE CHAIN,S,9915048,4,4,1,0
relegation grimoire,EXHAUST,13,ULTIMATE CHAIN,S,9950892,5,5,1,0
恋繋エピローグ,EXHAUST,15,EXCESSIVE COMPLETE,S,9916787,3,3,0,0
幻想郷DEMPASTICグリーティング,EXHAUST,16,EXCESSIVE COMPLETE,S,9914582,4,4,0,0
墨染 ft. ネコメアリ,EXHAUST,13,EXCESSIVE COMPLETE,S,9909825,6,6,0,0
断罪は遍く人間の元に,EXHAUST,17,EXCESSIVE COMPLETE,AAA+,9811209,17,15,0,0
弾幕注意報2014,EXHAUST,15,EXCESSIVE COMPLETE,S,9914996,9,9,0,0
Prominence,EXHAUST,13,ULTIMATE CHAIN,S,9966984,3,3,1,0
アキネイション,EXHAUST,17,EXCESSIVE COMPLETE,AA+,9687137,26,26,0,0
The star in eclipse,EXHAUST,17,EXCESSIVE COMPLETE,AAA+,9819717,20,18,0,0
Din Don Dan (Fusion Remix),EXHAUST,16,EXCESSIVE COMPLETE,AAA+,9856444,10,10,0,0
Dualive,EXHAUST,17,EXCESSIVE COMPLETE,AAA,9710180,12,11,0,0
爆なな☆てすとロイヤー,EXHAUST,16,EXCESSIVE COMPLETE,AAA+,9852467,1,1,0,0
GO BACK 2 YOUR RAVE,EXHAUST,16,EXCESSIVE COMPLETE,S,9937535,6,6,0,0
カタルシスの月,EXHAUST,16,EXCESSIVE COMPLETE,S,9905804,5,5,0,0
黒髪乱れし修羅となりて～凛 edition～,EXHAUST,17,EXCESSIVE COMPLETE,AAA,9789669,9,9,0,0
虚空と光明のディスクール,EXHAUST,13,EXCESSIVE COMPLETE,S,9979508,1,1,0,0
水月鏡花のコノテーション,EXHAUST,15,EXCESSIVE COMPLETE,S,9976998,3,3,0,0
滅びに至るエランプシス,EXHAUST,13,EXCESSIVE COMPLETE,S,9938574,1,1,0,0
Question.,EXHAUST,16,EXCESSIVE COMPLETE,AAA+,9832635,9,9,0,0
人形裁判 -THIRD IMPACT-,EXHAUST,17,EXCESSIVE COMPLETE,AAA,9728059,10,10,0,0
-約束-,EXHAUST,15,EXCESSIVE COMPLETE,S,9914529,1,1,0,0
Parousia,EXHAUST,17,EXCESSIVE COMPLETE,AAA+,9813739,10,10,0,0
archive::zip,EXHAUST,14,ULTIMATE CHAIN,S,9960965,4,4,1,0
archive::zip,GRAVITY,16,EXCESSIVE COMPLETE,S,9910607,10,8,0,0
Inixia,EXHAUST,16,EXCESSIVE COMPLETE,S,9908466,6,6,0,0
Inixia,GRAVITY,17,EXCESSIVE COMPLETE,AAA+,9806408,17,13,0,0
Virtual Bit,EXHAUST,17,EXCESSIVE COMPLETE,AAA,9713910,6,6,0,0
ERROR CODE,EXHAUST,13,EXCESSIVE COMPLETE,S,9962825,1,1,0,0
ERROR CODE,GRAVITY,16,EXCESSIVE COMPLETE,S,9905933,5,5,0,0
XROSS THE XOUL,EXHAUST,16,EXCESSIVE COMPLETE,AAA+,9859533,5,5,0,0
XROSS THE XOUL,GRAVITY,18,EXCESSIVE COMPLETE,AA+,9661426,21,10,0,0
S1CK_F41RY,EXHAUST,17,EXCESSIVE COMPLETE,AAA+,9801980,12,11,0,0
Phantom Ensemble (ゆんゆん Remix),EXHAUST,13,ULTIMATE CHAIN,S,9968181,7,7,2,0
Russet,EXHAUST,16,EXCESSIVE COMPLETE,AAA+,9854430,6,6,0,0
Renegade Fruits,EXHAUST,16,EXCESSIVE COMPLETE,AAA+,9892566,6,3,0,0
Renegade Fruits,GRAVITY,18,COMPLETE,AAA,9700956,16,14,0,0
She is my wife,EXHAUST,16,EXCESSIVE COMPLETE,AAA+,9845399,10,10,0,0
お嫁にしなさいっ！,EXHAUST,15,EXCESSIVE COMPLETE,S,9903474,3,3,0,0
響縁,EXHAUST,16,EXCESSIVE COMPLETE,S,9907246,9,9,0,0
Enigma,EXHAUST,17,EXCESSIVE COMPLETE,AA+,9617596,16,15,0,0
MG277,EXHAUST,18,COMPLETE,AA+,9565092,18,15,0,0
Never Fails,EXHAUST,17,EXCESSIVE COMPLETE,AAA+,9801543,11,11,0,0
Fox4-Raize-,EXHAUST,18,COMPLETE,AA+,9547055,17,12,0,0
Follow Up,EXHAUST,17,EXCESSIVE COMPLETE,AAA,9795158,14,13,0,0
REVOLVER,EXHAUST,18,COMPLETE,AA+,9570393,34,21,0,0
KAC 2013 ULTIMATE MEDLEY -HISTORIA SOUND VOLTEX- Emperor Side,EXHAUST,19,PLAYED,A,8982344,5,0,0,0
しゅわスパ大作戦☆ (カシオれ！くーにゃんリミックス),EXHAUST,16,EXCESSIVE COMPLETE,AAA+,9890393,9,9,0,0
チルノとまりおのパーフェクトさんすう教室,EXHAUST,17,EXCESSIVE COMPLETE,AAA,9743386,24,21,0,0
Demise Quartet,EXHAUST,18,COMPLETE,AA+,9607686,22,15,0,0
Help me， ERINNNNNN!! - SH Style -,EXHAUST,13,ULTIMATE CHAIN,S,9988888,3,3,1,0
Help me， CODYYYYYY!!,GRAVITY,16,EXCESSIVE COMPLETE,AAA+,9851828,6,6,0,0
Ultimate Fury,EXHAUST,16,EXCESSIVE COMPLETE,AAA+,9884326,15,15,0,0
JEHANNEDARC,EXHAUST,18,EXCESSIVE COMPLETE,AA+,9629192,19,18,0,0
spectroscape,EXHAUST,16,ULTIMATE CHAIN,S,9907517,11,11,1,0
ツインソウル～輪廻する旋律～,EXHAUST,13,EXCESSIVE COMPLETE,S,9967741,5,5,0,0
常夏！！クリスタライズ・シャーベット,EXHAUST,17,EXCESSIVE COMPLETE,AAA+,9826776,8,8,0,0
伐折羅-vajra-,EXHAUST,18,EXCESSIVE COMPLETE,AA+,9595141,22,15,0,0
アナーキーインザ夕景,EXHAUST,16,EXCESSIVE COMPLETE,AAA+,9824468,22,22,0,0
キズナ,EXHAUST,13,EXCESSIVE COMPLETE,S,9961937,3,3,0,0
「ここなつ☆」は夢のカタチ,EXHAUST,16,EXCESSIVE COMPLETE,S,9902760,7,7,0,0
Finally Dive,EXHAUST,15,ULTIMATE CHAIN,S,9904361,5,5,1,0
モラトリアムノオト,EXHAUST,13,EXCESSIVE COMPLETE,S,9950177,2,2,0,0
End to end,EXHAUST,18,EXCESSIVE COMPLETE,AA+,9629319,25,20,0,0
EMPIRE OF FLAME,EXHAUST,18,COMPLETE,A+,9241666,42,5,0,0
Candy Colored Hearts,EXHAUST,17,EXCESSIVE COMPLETE,AA+,9693654,15,14,0,0
雲の彼方,EXHAUST,17,EXCESSIVE COMPLETE,AA+,9695863,25,23,0,0
NEO GRAVITY,EXHAUST,18,EXCESSIVE COMPLETE,AA+,9651661,18,17,0,0
Lachryma《Re:Queen’M》,EXHAUST,18,COMPLETE,AA+,9565024,21,18,0,0
Lachryma《Re:Queen’M》,GRAVITY,20,PLAYED,A+,9266503,14,0,0,0
VOLTEXES,EXHAUST,15,EXCESSIVE COMPLETE,S,9900362,7,6,0,0
VOLTEXES II,EXHAUST,15,EXCESSIVE COMPLETE,S,9909828,2,1,0,0
VOLTEXES III,EXHAUST,16,EXCESSIVE COMPLETE,AAA+,9866910,9,8,0,0
激アツ☆マジヤバ☆チアガール,EXHAUST,13,ULTIMATE CHAIN,S,9970008,1,1,1,0
漆黒のスペシャルプリンセスサンデー,EXHAUST,17,EXCESSIVE COMPLETE,S,9903846,16,15,0,0
地方創生☆チクワクティクス,EXHAUST,15,EXCESSIVE COMPLETE,S,9930981,3,3,0,0
neko＊neko,EXHAUST,13,ULTIMATE CHAIN,S,9964065,3,3,1,0
フラッター現象の顛末と単一指向性の感情論,EXHAUST,15,EXCESSIVE COMPLETE,S,9928707,3,3,0,0
Aliquam,EXHAUST,17,EXCESSIVE COMPLETE,AA+,9623794,15,13,0,0
XHAOS JUDGE,EXHAUST,19,COMPLETE,AA,9493181,44,20,0,0
conflict,EXHAUST,17,EXCESSIVE COMPLETE,AAA,9704396,17,13,0,0
Stleq,EXHAUST,17,EXCESSIVE COMPLETE,AAA,9758144,28,27,0,0
Never Ending,EXHAUST,15,EXCESSIVE COMPLETE,AAA+,9876507,8,8,0,0
Nofram,EXHAUST,17,EXCESSIVE COMPLETE,AAA,9701130,32,28,0,0
冥天・ヘメロカリス,EXHAUST,18,COMPLETE,AA,9384890,8,4,0,0
コンフェイト＊コンチェルト,EXHAUST,14,EXCESSIVE COMPLETE,S,9959088,2,2,0,0
千客万来☆無問題！,EXHAUST,16,EXCESSIVE COMPLETE,AAA+,9898897,13,13,0,0
ムラサキグルマ,EXHAUST,18,EXCESSIVE COMPLETE,AA+,9665645,17,12,0,0
闇夜舞踏会 -緋碧と蝶のためのmasquerade-,EXHAUST,16,EXCESSIVE COMPLETE,AAA+,9861927,4,4,0,0
Asian Chip City,EXHAUST,16,EXCESSIVE COMPLETE,S,9905966,4,4,0,0
About me,EXHAUST,15,EXCESSIVE COMPLETE,S,9917820,9,9,0,0
Angels And Demons,EXHAUST,18,EXCESSIVE COMPLETE,AA+,9627867,24,21,0,0
Oriental Blossom,EXHAUST,16,EXCESSIVE COMPLETE,S,9942112,2,2,0,0
我楽多イノセンス,EXHAUST,16,EXCESSIVE COMPLETE,S,9911412,9,9,0,0
CUTIE☆EX-DREAM,EXHAUST,17,EXCESSIVE COMPLETE,AAA,9784313,20,16,0,0
君がいる場所へ,EXHAUST,13,ULTIMATE CHAIN,S,9995555,3,3,1,0
交渉人・西行寺幽々子 vs スカーレット警察,EXHAUST,13,ULTIMATE CHAIN,S,9975308,3,3,2,0
The setting sun,EXHAUST,17,EXCESSIVE COMPLETE,AAA+,9897889,25,23,0,0
Seraphim,EXHAUST,18,EXCESSIVE COMPLETE,AA+,9580357,35,25,0,0
ダブルラリアット,EXHAUST,15,EXCESSIVE COMPLETE,S,9907578,6,6,0,0
twilight signal,EXHAUST,15,EXCESSIVE COMPLETE,S,9929128,3,3,0,0
ドゥンガドゥンガ狂詩曲,EXHAUST,16,EXCESSIVE COMPLETE,AAA+,9826999,4,3,0,0
ハッピーシンセサイザ,EXHAUST,13,EXCESSIVE COMPLETE,S,9902080,1,1,0,0
Backflow,EXHAUST,17,EXCESSIVE COMPLETE,AAA+,9845323,15,15,0,0
Beyond the Sandstorm,EXHAUST,16,EXCESSIVE COMPLETE,S,9909983,3,3,0,0
Pieces of a Dream,EXHAUST,17,EXCESSIVE COMPLETE,AAA,9759642,18,18,0,0
Pet Peeve,EXHAUST,17,EXCESSIVE COMPLETE,AA+,9644563,18,17,0,0
Mayohiga Spurt,EXHAUST,17,EXCESSIVE COMPLETE,AAA+,9824093,26,23,0,0
みくみくにしてあげる♪【してやんよ】,EXHAUST,15,EXCESSIVE COMPLETE,S,9935794,4,4,0,0
メランコリック,EXHAUST,13,ULTIMATE CHAIN,S,9950584,1,1,1,0
Utopia,EXHAUST,16,ULTIMATE CHAIN,S,9960106,8,8,1,0
月光乱舞,EXHAUST,18,COMPLETE,AA+,9585253,23,6,0,0
月光乱舞,GRAVITY,19,COMPLETE,AA+,9520547,25,1,0,0
continew,EXHAUST,17,COMPLETE,AA+,9503105,10,3,0,0
ちぇいす いん ざ さんしゃいん！！！,EXHAUST,16,EXCESSIVE COMPLETE,S,9902634,8,8,0,0
FAKE STYLE II,EXHAUST,15,EXCESSIVE COMPLETE,S,9950779,4,4,0,0
Blacksphere,EXHAUST,16,EXCESSIVE COMPLETE,AAA+,9863459,16,14,0,0
Le ××××,EXHAUST,15,ULTIMATE CHAIN,S,9917012,6,5,1,0
零れる夢のレミニセンス,EXHAUST,13,EXCESSIVE COMPLETE,S,9983787,3,3,0,0
ショットガン・ラヴァーズ,EXHAUST,16,EXCESSIVE COMPLETE,S,9932813,3,3,0,0
じゅーじゅー♥焼肉の火からフェニックス！？～再誕の†炭火焼き～,EXHAUST,17,EXCESSIVE COMPLETE,AAA+,9832826,19,17,0,0
HAELE III ~Angel Worlds~,EXHAUST,15,EXCESSIVE COMPLETE,S,9922292,7,7,0,0
HAELE III ~Angel Worlds~,GRAVITY,18,COMPLETE,AA+,9618889,25,17,0,0
ドーパミン,EXHAUST,18,EXCESSIVE COMPLETE,AA+,9666172,23,20,0,0
crêpe suzette,EXHAUST,16,EXCESSIVE COMPLETE,S,9918217,7,4,0,0
Shiawase Transmission,EXHAUST,16,EXCESSIVE COMPLETE,S,9904458,3,3,0,0
双翼 - Black Wings - SDVX Edit. -,EXHAUST,16,EXCESSIVE COMPLETE,S,9902985,4,4,0,0
Treasure,EXHAUST,13,ULTIMATE CHAIN,S,9936211,5,5,1,0
星の器 feat. らっぷびと,EXHAUST,16,EXCESSIVE COMPLETE,S,9927243,3,3,0,0
三つ数えろ,EXHAUST,16,EXCESSIVE COMPLETE,AAA+,9840936,21,19,0,0
Lucky*Clover,EXHAUST,17,EXCESSIVE COMPLETE,AAA+,9809139,10,10,0,0
マサカリブレイド,EXHAUST,18,COMPLETE,AA+,9669584,22,5,0,0
Garakuta Doll Play,EXHAUST,17,EXCESSIVE COMPLETE,AA+,9617314,15,14,0,0
Garakuta Doll Play,HEAVENLY,19,COMPLETE,AA,9383832,10,7,0,0
きたさいたま2000,EXHAUST,18,COMPLETE,AA,9375361,16,14,0,0
きたさいたま2000,HEAVENLY,19,COMPLETE,AA,9362170,9,1,0,0
Got more raves？,EXHAUST,17,EXCESSIVE COMPLETE,AA+,9630606,20,20,0,0
Got more raves？,HEAVENLY,19,COMPLETE,AA+,9512847,17,16,0,0
FLOWER,EXHAUST,18,EXCESSIVE COMPLETE,AAA,9756901,34,22,0,0
FLOWER,HEAVENLY,19,COMPLETE,AA,9362613,24,1,0,0
ちくわパフェだよ☆ＣＫＰ,EXHAUST,15,EXCESSIVE COMPLETE,S,9942977,9,9,0,0
都会征服Girls☆,EXHAUST,14,ULTIMATE CHAIN,S,9918160,2,2,1,0
ホーンテッド★メイドランチ,EXHAUST,17,EXCESSIVE COMPLETE,AA+,9675057,13,13,0,0
めうめうぺったんたん！！,EXHAUST,15,EXCESSIVE COMPLETE,S,9935024,1,1,0,0
滅亡天使 † にこきゅっぴん,EXHAUST,16,EXCESSIVE COMPLETE,AAA+,9821428,3,3,0,0
Warriors Aboot,EXHAUST,18,COMPLETE,AA,9486373,37,6,0,0
Vampire's Territory,EXHAUST,17,EXCESSIVE COMPLETE,AAA,9710873,16,15,0,0
紅の剣舞,EXHAUST,17,EXCESSIVE COMPLETE,AAA,9707903,19,18,0,0
Shanghai Wu Long ～上海舞龍～,EXHAUST,17,EXCESSIVE COMPLETE,AA+,9559902,19,16,0,0
Sourire,EXHAUST,16,EXCESSIVE COMPLETE,AAA+,9863707,18,18,0,0
ハナビラ:リンクス,EXHAUST,15,EXCESSIVE COMPLETE,S,9953952,7,4,0,0
Firestorm,EXHAUST,19,EXCESSIVE COMPLETE,AAA,9786539,25,18,0,0
My name is TSUMABUKI,EXHAUST,14,EXCESSIVE COMPLETE,S,9943720,2,2,0,0
気まぐれスターダム,EXHAUST,13,EXCESSIVE COMPLETE,S,9933844,3,2,0,0
ギャラクシィ・トラベラー,EXHAUST,14,ULTIMATE CHAIN,S,9913949,3,3,1,0
Starlight Dance Floor,EXHAUST,13,ULTIMATE CHAIN,S,9976387,9,9,5,0
6弦とピアノのためのエチュード op.4,EXHAUST,16,EXCESSIVE COMPLETE,AAA,9714620,22,20,0,0
ECHO,EXHAUST,13,EXCESSIVE COMPLETE,S,9952339,5,5,0,0
深海シティアンダーグラウンド,EXHAUST,16,EXCESSIVE COMPLETE,S,9958700,6,6,0,0
eternita,EXHAUST,16,EXCESSIVE COMPLETE,AAA+,9889676,14,11,0,0
消失,EXHAUST,18,EXCESSIVE COMPLETE,AAA,9710972,25,12,0,0
暴走,EXHAUST,17,EXCESSIVE COMPLETE,AA+,9609316,12,11,0,0
夏色DIARY -Summer Dazzlin' Vacation miX-,EXHAUST,16,EXCESSIVE COMPLETE,AAA+,9822467,15,15,0,0
夏色DIARY -Summer Dazzlin' Vacation miX-,GRAVITY,16,EXCESSIVE COMPLETE,S,9901685,6,6,0,0
ΑΩ,EXHAUST,18,EXCESSIVE COMPLETE,AAA,9718624,37,26,0,0
ΑΩ,GRAVITY,19,PLAYED,AA,9462793,23,0,0,0
veRtrageS,ADVANCED,13,EXCESSIVE COMPLETE,S,9925980,1,1,0,0
veRtrageS,EXHAUST,19,COMPLETE,AA+,9691629,37,21,0,0
XyHATTE,EXHAUST,18,COMPLETE,AA+,9611673,21,16,0,0
XyHATTE,GRAVITY,19,PLAYED,AA,9415766,25,0,0,0
citrus,EXHAUST,15,EXCESSIVE COMPLETE,AAA+,9897887,14,11,0,0
Blastix Riotz,EXHAUST,18,COMPLETE,AA,9433785,42,12,0,0
Blastix Riotz,GRAVITY,19,PLAYED,A+,9107301,14,0,0,0
Preserved Valkyria,EXHAUST,18,COMPLETE,AA+,9598014,39,20,0,0
Preserved Valkyria,GRAVITY,19,COMPLETE,AA,9423843,26,1,0,0
Witch in Sweetsland,EXHAUST,17,EXCESSIVE COMPLETE,AA+,9655696,14,12,0,0
Ops:Code-Rapture-,EXHAUST,18,COMPLETE,AA+,9563967,33,22,0,0
Cold Inflation,EXHAUST,16,EXCESSIVE COMPLETE,AAA+,9881472,14,13,0,0
UnivEarth,EXHAUST,18,COMPLETE,AA+,9598503,25,19,0,0
Le Fruit Défendu,EXHAUST,16,EXCESSIVE COMPLETE,AAA+,9894091,9,8,0,0
TOXIC VIBRATION,EXHAUST,17,EXCESSIVE COMPLETE,AAA,9703683,17,15,0,0
ΕΛΠΙΣ,EXHAUST,17,EXCESSIVE COMPLETE,AA+,9626825,18,18,0,0
灼熱Beach Side Bunny,EXHAUST,18,EXCESSIVE COMPLETE,AA+,9696808,37,29,0,0
リカーシブ・ファンクション,EXHAUST,15,ULTIMATE CHAIN,S,9905271,1,1,1,0
Opium and Purple haze,EXHAUST,17,EXCESSIVE COMPLETE,AAA,9707890,11,9,0,0
Opium and Purple haze,GRAVITY,18,COMPLETE,AAA,9784128,35,22,0,0
シャ ビ ドゥ 素敵な恋の魔法,EXHAUST,15,EXCESSIVE COMPLETE,S,9911300,4,4,0,0
ネメシス SDVX Edit,EXHAUST,17,EXCESSIVE COMPLETE,AA+,9667553,32,28,0,0
BOUNCE BOUNCE BOUNCE,EXHAUST,13,ULTIMATE CHAIN,S,9956730,11,11,1,0
Sounds Of Summer,EXHAUST,16,EXCESSIVE COMPLETE,AAA+,9849449,7,7,0,0
Innocent Floor,EXHAUST,17,EXCESSIVE COMPLETE,AAA,9762746,25,24,0,0
In The Breeze,EXHAUST,16,EXCESSIVE COMPLETE,AAA+,9806848,4,4,0,0
INF-B《L-aste-R》,ADVANCED,12,COMPLETE,AAA+,9812126,1,1,0,0
INF-B《L-aste-R》,EXHAUST,18,COMPLETE,AA,9418546,40,15,0,0
Twin Blaster,EXHAUST,16,EXCESSIVE COMPLETE,AAA+,9861927,12,12,0,0
disco KAWAii,EXHAUST,14,EXCESSIVE COMPLETE,S,9909335,3,3,0,0
New Days,EXHAUST,15,ULTIMATE CHAIN,S,9906731,7,7,1,0
Princessどうかお願い!!,EXHAUST,15,EXCESSIVE COMPLETE,S,9913957,4,4,0,0
あれこれそれどれ,EXHAUST,17,EXCESSIVE COMPLETE,AA+,9672456,9,8,0,0
Innocent Eyes,EXHAUST,13,ULTIMATE CHAIN,S,9987086,8,7,1,0
感情の魔天楼 ～ Arr.Demetori,EXHAUST,17,EXCESSIVE COMPLETE,AAA+,9817708,12,11,0,0
Crazy ∞ nighT,EXHAUST,15,ULTIMATE CHAIN,S,9900284,3,3,1,0
ロンロンへ　ライライライ！,EXHAUST,16,EXCESSIVE COMPLETE,AAA+,9820987,24,22,0,0
ロンロンへ　ライライライ！,GRAVITY,17,EXCESSIVE COMPLETE,AAA+,9802709,11,10,0,0
gigadelic (かめりあ's "The TERA" RMX),ADVANCED,12,PLAYED,B,8666100,1,0,0,0
gigadelic (かめりあ's "The TERA" RMX),EXHAUST,18,COMPLETE,AA+,9553072,41,22,0,0
The Wind of Gold(飛翔鳶 Remix),EXHAUST,13,ULTIMATE CHAIN,S,9976659,2,2,1,0
Monkey Business(Band Edit.),EXHAUST,16,EXCESSIVE COMPLETE,AAA,9781715,25,21,0,0
Wuv U(pico/ustic rmx),EXHAUST,16,EXCESSIVE COMPLETE,S,9915032,9,9,0,0
無双,EXHAUST,17,EXCESSIVE COMPLETE,AAA+,9861170,13,13,0,0
好きトキメキとキス,EXHAUST,15,EXCESSIVE COMPLETE,AAA+,9875290,13,12,0,0
時計仕掛けのメリーゴーランド,EXHAUST,13,ULTIMATE CHAIN,S,9945909,13,13,1,0
Pon-Pon-Pompoko Dai-Sen-Saw!,EXHAUST,18,COMPLETE,AA+,9597508,25,15,0,0
Lovesick Lovetune,EXHAUST,13,ULTIMATE CHAIN,S,9906496,15,15,1,0
One & Only,EXHAUST,16,EXCESSIVE COMPLETE,AAA+,9834532,8,8,0,0
EBONY & IVORY,EXHAUST,17,EXCESSIVE COMPLETE,AA+,9651504,19,19,0,0
パ→ピ→プ→Yeah!,EXHAUST,17,EXCESSIVE COMPLETE,AA+,9561503,27,17,0,0
ELECT,EXHAUST,15,EXCESSIVE COMPLETE,AAA+,9899219,7,7,0,0
Happy Sensation,EXHAUST,17,EXCESSIVE COMPLETE,AAA+,9867661,22,21,0,0
Milkyway - memorable -,EXHAUST,16,ULTIMATE CHAIN,AAA+,9883512,11,11,1,0
Our Faith (takdrive remix),EXHAUST,16,EXCESSIVE COMPLETE,AAA+,9844244,14,13,0,0
ON FIRE,EXHAUST,15,EXCESSIVE COMPLETE,S,9919014,7,7,0,0
The willow and snow,EXHAUST,14,ULTIMATE CHAIN,AAA+,9851988,21,21,1,0
Discloze,EXHAUST,17,EXCESSIVE COMPLETE,AAA,9756468,26,24,0,0
Virtual Sunrise (nana's Festival EDM Remix) feat. Kanae Asaba,EXHAUST,12,EXCESSIVE COMPLETE,AAA+,9870435,1,1,0,0
Monkey Business -Satire mix-,EXHAUST,16,EXCESSIVE COMPLETE,AAA+,9800550,22,22,0,0
量子の海のリントヴルム,EXHAUST,17,EXCESSIVE COMPLETE,AA+,9574820,32,25,0,0
妖隠し -あやかしかくし-,EXHAUST,16,EXCESSIVE COMPLETE,AA+,9513540,36,35,0,0
千年ノ理,EXHAUST,14,EXCESSIVE COMPLETE,S,9903917,10,10,0,0
竹取飛翔 ～ Lunatic Princess (Ryu☆Remix),EXHAUST,16,EXCESSIVE COMPLETE,S,9905591,6,6,0,0
ほおずき程度には赤い頭髪,EXHAUST,17,EXCESSIVE COMPLETE,AA+,9636741,41,37,0,0
Scarlet Moon,EXHAUST,16,EXCESSIVE COMPLETE,AAA+,9874666,21,20,0,0
Struggle,EXHAUST,13,ULTIMATE CHAIN,S,9973221,8,8,1,0
取り残された美術(Arranged:HiZuMi),EXHAUST,13,ULTIMATE CHAIN,S,9953893,4,4,1,0
NEON WORLD,EXHAUST,17,EXCESSIVE COMPLETE,AA+,9597729,40,39,0,0
HAVOX,EXHAUST,19,COMPLETE,AA,9492521,67,4,0,0
BEAT-NEW-WORLD,EXHAUST,17,EXCESSIVE COMPLETE,AAA,9707163,35,32,0,0
プレインエイジア -PHQ remix-,EXHAUST,16,EXCESSIVE COMPLETE,AAA+,9885164,13,13,0,0
ホメ猫☆センセーション,EXHAUST,16,EXCESSIVE COMPLETE,S,9922239,5,5,0,0
Russian Caravan Rhapsody,EXHAUST,15,EXCESSIVE COMPLETE,S,9907201,15,15,0,0
朝色の紙飛行機,EXHAUST,15,EXCESSIVE COMPLETE,S,9901709,6,2,0,0
AYAKASHI,NOVICE,5,PERFECT,S,10000000,1,1,0,1
AYAKASHI,EXHAUST,17,EXCESSIVE COMPLETE,AAA+,9845488,50,42,0,0
女言葉の消失,EXHAUST,13,EXCESSIVE COMPLETE,S,9928315,2,2,0,0
Poison Blood,EXHAUST,15,EXCESSIVE COMPLETE,S,9917987,3,3,0,0
M.A.Y.U.,EXHAUST,16,ULTIMATE CHAIN,AAA+,9873461,7,7,1,0
Everlasting Message,EXHAUST,17,EXCESSIVE COMPLETE,AAA,9702664,12,12,0,0
Everlasting Message,GRAVITY,19,COMPLETE,AA+,9578090,17,4,0,0
混乱少女♥そふらんちゃん!!,ADVANCED,12,COMPLETE,AA,9430379,3,3,0,0
混乱少女♥そふらんちゃん!!,EXHAUST,18,COMPLETE,A+,9214547,68,2,0,0
Sayonara Planet Wars,EXHAUST,18,COMPLETE,AA,9388520,23,4,0,0
Chant du Cygne,EXHAUST,17,EXCESSIVE COMPLETE,AAA,9725708,23,18,0,0
到達してしまった僕らと夢と希望の最之果,ADVANCED,12,EXCESSIVE COMPLETE,S,9909762,1,1,0,0
到達してしまった僕らと夢と希望の最之果,EXHAUST,18,COMPLETE,AA+,9655172,24,18,0,0
KAC 2012 ULTIMATE MEDLEY -HISTORIA SOUND VOLTEX-,EXHAUST,17,EXCESSIVE COMPLETE,AA+,9690170,29,12,0,0
KAC 2012 ULTIMATE MEDLEY -HISTORIA SOUND VOLTEX-,GRAVITY,19,COMPLETE,AA,9467978,21,1,0,0
Scream out! (SDVX EDIT),EXHAUST,16,ULTIMATE CHAIN,S,9921544,10,10,1,0
tricky trick,EXHAUST,18,EXCESSIVE COMPLETE,AAA,9712691,35,19,0,0
Paranoia,EXHAUST,16,ULTIMATE CHAIN,S,9926262,29,29,1,0
FIRE FIREは電気スウィングの夢を見るか？,EXHAUST,16,EXCESSIVE COMPLETE,AAA,9705673,28,27,0,0
Borealis,EXHAUST,17,EXCESSIVE COMPLETE,AAA+,9811952,26,21,0,0
無気力クーデター,EXHAUST,17,EXCESSIVE COMPLETE,AAA,9739944,25,22,0,0
Wuv U (Colorful QT3 nekomix),EXHAUST,16,EXCESSIVE COMPLETE,S,9917025,14,13,0,0
Invitation from Mr.C,EXHAUST,18,COMPLETE,AA+,9589449,47,24,0,0
2 MINUTES FIGHTERS,EXHAUST,17,EXCESSIVE COMPLETE,AA+,9648215,32,25,0,0
LegenD.,EXHAUST,18,COMPLETE,AA,9464365,147,5,0,0
World's end,EXHAUST,18,COMPLETE,AA,9407231,35,20,0,0
キモチコネクト,EXHAUST,16,EXCESSIVE COMPLETE,AAA+,9868775,14,14,0,0
キモチコネクト,GRAVITY,17,EXCESSIVE COMPLETE,AA+,9641244,5,5,0,0
瞬間ドリップ♪秘蜜のケーキセット,EXHAUST,16,EXCESSIVE COMPLETE,S,9912280,12,12,0,0
macaron,EXHAUST,15,EXCESSIVE COMPLETE,S,9911007,3,3,0,0
CRITICAL LINE,EXHAUST,17,EXCESSIVE COMPLETE,AA+,9660194,24,21,0,0
鬼天,EXHAUST,17,EXCESSIVE COMPLETE,AA+,9651860,21,20,0,0
Go↓Go↑Girls&Boys!,EXHAUST,15,EXCESSIVE COMPLETE,S,9907773,4,4,0,0
INDEPENDENT SKY,EXHAUST,13,ULTIMATE CHAIN,S,9964099,5,5,1,0
INDEPENDENT SKY,GRAVITY,17,EXCESSIVE COMPLETE,AAA+,9808901,29,25,0,0
TIEFSEE,EXHAUST,17,EXCESSIVE COMPLETE,AAA,9768130,32,28,0,0
ツーマンライブ,EXHAUST,16,EXCESSIVE COMPLETE,S,9920797,6,6,0,0
ツーマンライブ,GRAVITY,16,EXCESSIVE COMPLETE,AAA+,9833666,4,4,0,0
囲い無き世は一期の月影,EXHAUST,16,EXCESSIVE COMPLETE,S,9906639,18,16,0,0
君色サブリミナル(Arranged: Iceon),EXHAUST,14,ULTIMATE CHAIN,S,9939369,10,10,1,0
The Sampling Paradise (P*Light Remix),EXHAUST,17,EXCESSIVE COMPLETE,AAA+,9811982,32,32,0,0
心臓デモクラシー,EXHAUST,13,EXCESSIVE COMPLETE,S,9965445,1,1,0,0
脱獄,EXHAUST,13,ULTIMATE CHAIN,S,9988897,2,2,2,0
Pure Evil (Kobaryo FTN-Remix),EXHAUST,17,EXCESSIVE COMPLETE,AA,9486552,41,34,0,0
鬼KYOKAN,EXHAUST,16,EXCESSIVE COMPLETE,AAA+,9854522,24,24,0,0
幸せになれる隠しコマンドがあるらしい,EXHAUST,16,EXCESSIVE COMPLETE,S,9904403,30,26,0,0
ツギハギスタッカート,EXHAUST,13,EXCESSIVE COMPLETE,S,9937106,1,1,0,0
Scarlet Pinheel,EXHAUST,16,EXCESSIVE COMPLETE,AAA+,9822251,40,36,0,0
False Cross,EXHAUST,17,EXCESSIVE COMPLETE,AA+,9679144,30,22,0,0
Prelude-Hereafter-,EXHAUST,15,EXCESSIVE COMPLETE,AAA+,9890077,23,23,0,0
恋愛方程式,EXHAUST,13,ULTIMATE CHAIN,S,9969574,3,3,1,0
感情Xerography,EXHAUST,14,ULTIMATE CHAIN,S,9925074,4,4,2,0
きらきらタイム☆,EXHAUST,17,EXCESSIVE COMPLETE,AAA,9792017,29,29,0,0
Twin Rocket,EXHAUST,17,EXCESSIVE COMPLETE,AAA+,9874686,19,17,0,0
TU-MA-MI△ALL-NIGHTER,EXHAUST,16,EXCESSIVE COMPLETE,S,9926356,24,19,0,0
Hustle Beat!!,EXHAUST,15,EXCESSIVE COMPLETE,AAA+,9875601,14,12,0,0
THUNDERCRACK,EXHAUST,17,EXCESSIVE COMPLETE,AA+,9660023,30,20,0,0
The Starry true,EXHAUST,12,ULTIMATE CHAIN,S,9973154,12,12,7,0
メイガスナイト ～ Arr.Demetori,EXHAUST,16,EXCESSIVE COMPLETE,AAA+,9855358,40,38,0,0
Liminality,EXHAUST,16,EXCESSIVE COMPLETE,AAA+,9851411,48,47,0,0
ポメグラネイト,EXHAUST,16,EXCESSIVE COMPLETE,AAA+,9886613,20,20,0,0
ポメグラネイト,GRAVITY,17,EXCESSIVE COMPLETE,AAA+,9801749,4,4,0,0
イグジスタンス,EXHAUST,17,EXCESSIVE COMPLETE,AAA,9720298,36,30,0,0
F.K.S.,EXHAUST,17,EXCESSIVE COMPLETE,AAA,9799210,30,28,0,0
木彫り鯰と右肩ゾンビ,EXHAUST,13,EXCESSIVE COMPLETE,S,9942528,3,3,0,0
gigadelic(m3rkAb4# R3m!x),EXHAUST,17,EXCESSIVE COMPLETE,AA+,9551553,50,30,0,0
鎖の少女,EXHAUST,15,EXCESSIVE COMPLETE,S,9914224,8,8,0,0
最速最高シャッターガール,EXHAUST,16,EXCESSIVE COMPLETE,S,9914717,32,30,0,0
The Wind of Gold -HΔPPY MIX-,EXHAUST,15,ULTIMATE CHAIN,AAA+,9894991,11,11,1,0
しゅわスパ大作戦☆ - SDVX Edit. -,EXHAUST,13,ULTIMATE CHAIN,S,9989212,16,16,5,0
Jump!,EXHAUST,13,ULTIMATE CHAIN,S,9966532,23,23,2,0
SkyDrive!,EXHAUST,15,EXCESSIVE COMPLETE,S,9946313,18,18,0,0
月見夜ラビット,EXHAUST,15,EXCESSIVE COMPLETE,S,9932056,5,5,0,0
トリコロール・ダイアリー,EXHAUST,16,EXCESSIVE COMPLETE,AAA+,9844147,17,15,0,0
ナイフ,EXHAUST,15,EXCESSIVE COMPLETE,S,9928284,10,10,0,0
Never Regret Anything,EXHAUST,16,EXCESSIVE COMPLETE,AAA+,9851583,19,19,0,0
Hyper☆Chipspace,EXHAUST,16,EXCESSIVE COMPLETE,AAA+,9864864,18,17,0,0
Virtual Sunrise (MYTK Remix),EXHAUST,13,EXCESSIVE COMPLETE,S,9967685,5,5,0,0
Violet Soul,EXHAUST,16,EXCESSIVE COMPLETE,AAA+,9854889,33,33,0,0
飛花落葉,EXHAUST,14,EXCESSIVE COMPLETE,S,9924698,5,5,0,0
Pieces,EXHAUST,12,ULTIMATE CHAIN,S,9967562,7,7,2,0
FIRE FIRE(Kazmasa Remix),EXHAUST,17,EXCESSIVE COMPLETE,AAA+,9811411,33,28,0,0
Find the Answer,EXHAUST,12,ULTIMATE CHAIN,S,9971815,1,1,1,0
bloom,EXHAUST,13,EXCESSIVE COMPLETE,S,9964028,4,4,0,0
Belly Flopper,EXHAUST,15,EXCESSIVE COMPLETE,S,9910659,12,12,0,0
ぼくらしかしらない,EXHAUST,17,EXCESSIVE COMPLETE,AA+,9614065,38,34,0,0
物凄い狂っとるフランちゃんが物凄いうた,EXHAUST,17,EXCESSIVE COMPLETE,AA+,9587500,40,29,0,0
Liming Light,EXHAUST,13,EXCESSIVE COMPLETE,S,9931421,4,4,0,0
Rubeus,EXHAUST,17,EXCESSIVE COMPLETE,AAA,9779892,35,34,0,0
Our Faith (Faithful MTL Remix),EXHAUST,17,EXCESSIVE COMPLETE,AA+,9693593,38,26,0,0
The Sampling Paradise (N-Driver Style),EXHAUST,16,EXCESSIVE COMPLETE,AAA+,9859514,16,16,0,0
Virtual Sunrise (xac remix),EXHAUST,15,EXCESSIVE COMPLETE,S,9915123,7,7,0,0
Pure Evil-Aya2g Drm'n Tech Rmx-,EXHAUST,17,EXCESSIVE COMPLETE,AA+,9628975,40,24,0,0
I love you even now,EXHAUST,13,ULTIMATE CHAIN,S,9921082,7,7,4,0
アルテミス,EXHAUST,13,EXCESSIVE COMPLETE,S,9977034,2,2,0,0
VILE CAT,EXHAUST,18,EXCESSIVE COMPLETE,AAA,9780259,42,16,0,0
shiny rainbow flower,EXHAUST,15,ULTIMATE CHAIN,S,9910575,12,9,1,0
断片Story,EXHAUST,16,EXCESSIVE COMPLETE,S,9918676,14,14,0,0
始まりへと続く帰り道,EXHAUST,12,ULTIMATE CHAIN,S,9969418,1,1,1,0
further the future,EXHAUST,15,EXCESSIVE COMPLETE,S,9905734,6,6,0,0
Attack on Dwarf,EXHAUST,14,EXCESSIVE COMPLETE,S,9914705,31,31,0,0
werewolf howls.,EXHAUST,18,COMPLETE,AA+,9523215,80,22,0,0
Pristine Bigband,EXHAUST,15,EXCESSIVE COMPLETE,S,9941551,11,11,0,0
Mist Tek,EXHAUST,16,EXCESSIVE COMPLETE,AAA+,9861979,14,12,0,0
Little princess has no identity.,EXHAUST,17,EXCESSIVE COMPLETE,AAA+,9838187,40,36,0,0
キミヱゴサーチ,INFINITE,16,EXCESSIVE COMPLETE,S,9905933,14,14,0,0
Scene,EXHAUST,13,EXCESSIVE COMPLETE,S,9925124,2,2,0,0
しんでしまうとはなさけない！,EXHAUST,15,ULTIMATE CHAIN,S,9915433,12,11,1,0
ハウトゥー世界征服,EXHAUST,14,ULTIMATE CHAIN,S,9906382,2,2,1,0
打打打打打打打打打打,EXHAUST,15,EXCESSIVE COMPLETE,AAA+,9869029,8,8,0,0
打打打打打打打打打打,INFINITE,17,EXCESSIVE COMPLETE,AA+,9587833,29,26,0,0
Appliqué,EXHAUST,16,EXCESSIVE COMPLETE,S,9900546,11,9,0,0
Appliqué,GRAVITY,17,EXCESSIVE COMPLETE,AAA+,9836759,11,8,0,0
Wish upon Twin Stars,EXHAUST,17,EXCESSIVE COMPLETE,AAA,9788662,48,45,0,0
Wish upon Twin Stars,GRAVITY,18,EXCESSIVE COMPLETE,AA+,9637571,20,15,0,0
Growth Memories,EXHAUST,18,COMPLETE,AA+,9565313,54,17,0,0
Growth Memories,GRAVITY,19,COMPLETE,AA,9490445,28,1,0,0
CODE -CRiMSON-,EXHAUST,17,EXCESSIVE COMPLETE,AA+,9615569,77,14,0,0
CODE -CRiMSON-,GRAVITY,18,COMPLETE,AA,9469509,16,13,0,0
はわわｗ！な展開っ！,EXHAUST,15,EXCESSIVE COMPLETE,S,9903314,11,10,0,0
はわわｗ！な展開っ！,GRAVITY,16,EXCESSIVE COMPLETE,AAA+,9883815,5,5,0,0
有頂天ビバーチェ,EXHAUST,16,EXCESSIVE COMPLETE,AAA,9793233,40,39,0,0
白い雪のプリンセスは,EXHAUST,15,EXCESSIVE COMPLETE,S,9964598,5,5,0,0
ナキムシロボ,EXHAUST,13,EXCESSIVE COMPLETE,S,9986710,3,2,0,0
僕は空気が嫁ない,EXHAUST,15,EXCESSIVE COMPLETE,S,9915311,10,10,0,0
朱と碧のランページ,EXHAUST,17,EXCESSIVE COMPLETE,AAA,9799340,14,14,0,0
gigadelic -stance xxxx-,EXHAUST,17,EXCESSIVE COMPLETE,AA+,9629874,85,41,0,0
コミカルなミシャグジとラジエーション(PUNK IT ver.),EXHAUST,15,ULTIMATE CHAIN,S,9924755,38,36,1,0
最果てのコトバ,EXHAUST,12,ULTIMATE CHAIN,S,9985683,5,5,1,0
The Wind of Gold (folkcore remix),EXHAUST,14,EXCESSIVE COMPLETE,S,9916247,4,4,0,0
sweet dream,EXHAUST,13,ULTIMATE CHAIN,S,9968619,5,5,1,0
FIRE FIRE -DARK BLAZE REMIX-,EXHAUST,17,EXCESSIVE COMPLETE,AAA,9777841,41,34,0,0
Monkey Business (lapix Remix),EXHAUST,16,EXCESSIVE COMPLETE,AAA+,9847198,19,19,0,0
Wuv U -More2 HAPPY Re-Mix Special-,EXHAUST,15,EXCESSIVE COMPLETE,S,9901365,6,6,0,0
INSECTICIDE,EXHAUST,18,COMPLETE,AA,9409044,63,15,0,0
INSECTICIDE,HEAVENLY,19,PLAYED,A+,9188053,5,0,0,0
御千手メディテーション,EXHAUST,15,EXCESSIVE COMPLETE,AAA+,9851621,8,7,0,0
御千手メディテーション,INFINITE,17,EXCESSIVE COMPLETE,AAA,9743107,18,18,0,0
KHAMEN BREAK,EXHAUST,16,EXCESSIVE COMPLETE,AAA,9795060,20,20,0,0
KHAMEN BREAK,INFINITE,16,EXCESSIVE COMPLETE,AAA+,9837662,37,31,0,0
Cleopatrysm,EXHAUST,15,EXCESSIVE COMPLETE,AAA+,9840499,11,11,0,0
Cleopatrysm,INFINITE,16,EXCESSIVE COMPLETE,AAA,9795244,27,27,0,0
悪性ロリィタマキャヴェリズム,EXHAUST,17,EXCESSIVE COMPLETE,AA+,9670365,21,21,0,0
Wave of Craze,EXHAUST,15,ULTIMATE CHAIN,S,9977836,11,11,1,0
キリトリセン,EXHAUST,13,EXCESSIVE COMPLETE,S,9941815,1,1,0,0
幻想浄瑠璃-Aya2g Tech Dance Remix-,EXHAUST,15,ULTIMATE CHAIN,S,9941770,26,26,2,0
Flying!,EXHAUST,13,ULTIMATE CHAIN,S,9991334,7,6,1,0
ぼくらのタイムカプセル,EXHAUST,15,EXCESSIVE COMPLETE,AAA+,9842495,26,26,0,0
柳の下のデュラハン hard chaos mix,EXHAUST,17,EXCESSIVE COMPLETE,AAA,9751354,53,37,0,0
リズの内心革命,EXHAUST,13,EXCESSIVE COMPLETE,S,9973302,2,2,0,0
リズの内心革命,INFINITE,16,EXCESSIVE COMPLETE,S,9935868,15,14,0,0
wander+wonder+wand,EXHAUST,15,ULTIMATE CHAIN,S,9978956,26,25,1,0
ミライプリズム,INFINITE,15,EXCESSIVE COMPLETE,S,9920760,7,7,0,0
Idola,EXHAUST,17,EXCESSIVE COMPLETE,AAA+,9834331,39,24,0,0
憂恋☆アクティベーション,EXHAUST,16,EXCESSIVE COMPLETE,AAA+,9811183,28,27,0,0
幻想系世界修復少女,EXHAUST,15,EXCESSIVE COMPLETE,S,9914821,7,7,0,0
City Edge,EXHAUST,13,EXCESSIVE COMPLETE,S,9916044,2,2,0,0
ドキドキ☆流星トラップガール!!,EXHAUST,13,ULTIMATE CHAIN,S,9971936,1,1,1,0
バンブーソード・ガール,EXHAUST,17,EXCESSIVE COMPLETE,AAA+,9808552,44,21,0,0
Baby Sherry,EXHAUST,15,ULTIMATE CHAIN,S,9935015,16,15,1,0
Get out of my sight,EXHAUST,15,EXCESSIVE COMPLETE,S,9922907,18,17,0,0
SPARKING 2012,EXHAUST,15,EXCESSIVE COMPLETE,AAA+,9879518,17,16,0,0
ゼンマイ恋時計（T.E.B Summer Mix),EXHAUST,15,EXCESSIVE COMPLETE,S,9927826,41,40,0,0
#FairyJoke #SDVX_Edit,EXHAUST,17,EXCESSIVE COMPLETE,AAA,9781187,58,32,0,0
マスパでシュッ☆メイドウィッチまりさちゃん,EXHAUST,13,ULTIMATE CHAIN,S,9937759,13,12,1,0
Lemures Prelude,EXHAUST,13,EXCESSIVE COMPLETE,S,9933612,13,13,0,0
Sakura Mirage,EXHAUST,17,COMPLETE,AA,9382911,49,18,0,0
カレクレンマ,EXHAUST,15,EXCESSIVE COMPLETE,S,9927905,15,15,0,0
患部で止まってすぐ溶ける ～ 狂気の優曇華院,EXHAUST,15,EXCESSIVE COMPLETE,AAA+,9895569,21,16,0,0
患部で止まってすぐ溶ける ～ 狂気の優曇華院,INFINITE,16,EXCESSIVE COMPLETE,AAA,9771911,35,32,0,0
SPARKLING FANTASY,EXHAUST,13,EXCESSIVE COMPLETE,S,9915048,4,1,0,0
ってゐ！ ～えいえんてゐVer～,EXHAUST,12,ULTIMATE CHAIN,S,9986910,7,5,1,0
ってゐ！ ～えいえんてゐVer～,INFINITE,15,EXCESSIVE COMPLETE,S,9915509,21,20,0,0
Mami Mami Zone,EXHAUST,16,ULTIMATE CHAIN,S,9928278,35,34,1,0
mon$tage,EXHAUST,16,EXCESSIVE COMPLETE,AAA,9778225,33,31,0,0
八雲藍の唯心論,EXHAUST,14,EXCESSIVE COMPLETE,S,9974431,8,8,0,0
信仰は儚き人間の為に ～ Arr.Demetori,EXHAUST,17,EXCESSIVE COMPLETE,AAA+,9801882,57,40,0,0
竹取飛翔,EXHAUST,15,EXCESSIVE COMPLETE,S,9922506,34,32,0,0
竹取飛翔,HEAVENLY,17,EXCESSIVE COMPLETE,AAA+,9808342,4,4,0,0
NEXT BILLIONAIRE,EXHAUST,15,EXCESSIVE COMPLETE,AAA+,9857768,37,36,0,0
Phantasm Brigade,EXHAUST,13,ULTIMATE CHAIN,S,9993429,11,10,2,0
夕立、君と隠れ処,EXHAUST,12,ULTIMATE CHAIN,S,9943043,44,44,1,0
Unlimited Field,EXHAUST,15,EXCESSIVE COMPLETE,S,9919786,13,11,0,0
終点,EXHAUST,16,EXCESSIVE COMPLETE,S,9930997,10,10,0,0
少女暴動,EXHAUST,17,EXCESSIVE COMPLETE,AAA,9738784,28,23,0,0
冬に桜が咲くようなキセキ。,EXHAUST,15,ULTIMATE CHAIN,S,9904436,15,14,1,0
Rebirth,EXHAUST,13,EXCESSIVE COMPLETE,S,9956487,4,4,0,0
REPLiCA,EXHAUST,13,EXCESSIVE COMPLETE,S,9948289,2,2,0,0
WAVE WAVE WAVE,EXHAUST,13,ULTIMATE CHAIN,S,9963735,20,18,3,0
KiLLeR MeRMaiD,EXHAUST,17,EXCESSIVE COMPLETE,AAA+,9816176,48,42,0,0
Frantic Wolf,EXHAUST,14,ULTIMATE CHAIN,S,9962328,14,14,1,0
Mist In Hell,EXHAUST,17,EXCESSIVE COMPLETE,S,9907255,50,46,0,0
REVERSE LIMITED!(SDVX Edit),EXHAUST,16,EXCESSIVE COMPLETE,AAA+,9889015,45,44,0,0
Innocent Tempest,EXHAUST,17,EXCESSIVE COMPLETE,AAA,9746248,55,33,0,0
侵蝕コード：666　-今日ちょっと指（略-,EXHAUST,15,EXCESSIVE COMPLETE,AAA+,9879867,16,16,0,0
ボルテ体操第一,NOVICE,1,PERFECT,S,10000000,10,10,0,5
ボルテ体操第一,EXHAUST,16,EXCESSIVE COMPLETE,AAA+,9855371,29,18,0,0
流れ星と君の歌,EXHAUST,14,EXCESSIVE COMPLETE,S,9950592,5,5,0,0
ぱられる,EXHAUST,13,EXCESSIVE COMPLETE,S,9951024,1,1,0,0
Liar World Monologue,EXHAUST,16,EXCESSIVE COMPLETE,AAA+,9890625,38,33,0,0
odds and ends,EXHAUST,15,EXCESSIVE COMPLETE,AAA+,9895659,22,19,0,0
odds and ends,GRAVITY,17,EXCESSIVE COMPLETE,AAA,9783950,5,5,0,0
はなむけ,EXHAUST,13,ULTIMATE CHAIN,S,9940617,3,3,1,0
はなむけ,HEAVENLY,16,EXCESSIVE COMPLETE,AAA+,9887071,2,2,0,0
Harpuia,EXHAUST,17,COMPLETE,AA+,9510837,71,23,0,0
Harpuia,HEAVENLY,18,COMPLETE,AA,9327846,6,2,0,0
Virtual Sunrise,EXHAUST,15,EXCESSIVE COMPLETE,S,9913682,15,15,0,0
Pure Evil,EXHAUST,17,EXCESSIVE COMPLETE,AAA,9756857,43,33,0,0
Black Emperor,EXHAUST,18,COMPLETE,AA,9465746,39,18,0,0
Black Emperor,GRAVITY,19,PLAYED,AA,9363673,26,0,0,0
Hoshizora Illumination,EXHAUST,16,EXCESSIVE COMPLETE,S,9911734,13,11,0,0
Hoshizora Illumination,HEAVENLY,17,EXCESSIVE COMPLETE,AAA,9758928,3,3,0,0
Arcadia,EXHAUST,12,PERFECT,S,10000000,5,5,4,1
十六夜桜-Zakura-,EXHAUST,13,EXCESSIVE COMPLETE,S,9941176,1,1,0,0
群青硝子のスピカ,EXHAUST,15,EXCESSIVE COMPLETE,AAA+,9891114,24,24,0,0
超爽快☆パッショネイト・フィーバー,EXHAUST,16,EXCESSIVE COMPLETE,AAA+,9879792,20,20,0,0
FLYING OUT TO THE SKY,EXHAUST,17,EXCESSIVE COMPLETE,AA+,9633952,57,21,0,0
嘘と接吻,EXHAUST,13,EXCESSIVE COMPLETE,S,9932432,3,2,0,0
神となり彼が見た境界線,EXHAUST,15,EXCESSIVE COMPLETE,S,9924012,24,24,0,0
crazy cinema story,EXHAUST,16,EXCESSIVE COMPLETE,AAA+,9827089,23,17,0,0
Fiat Lux,EXHAUST,17,EXCESSIVE COMPLETE,AA+,9629302,30,26,0,0
君と僕とその空白と,EXHAUST,13,ULTIMATE CHAIN,S,9988864,2,2,1,0
茅蜩モラトリアム,EXHAUST,16,EXCESSIVE COMPLETE,S,9922913,23,22,0,0
命のユースティティア,EXHAUST,13,EXCESSIVE COMPLETE,S,9952463,2,1,0,0
WAVE,EXHAUST,15,EXCESSIVE COMPLETE,S,9959975,10,10,0,0
絢爛創世絵巻物,EXHAUST,13,ULTIMATE CHAIN,S,9907918,13,13,4,0
コンベア速度Max!? しゃいにん☆廻転ズシ"Sushi&Peace",EXHAUST,16,EXCESSIVE COMPLETE,AAA+,9815886,25,15,0,0
snow motion,EXHAUST,13,ULTIMATE CHAIN,S,9976470,2,2,1,0
IX,EXHAUST,17,EXCESSIVE COMPLETE,AA+,9693196,43,23,0,0
Future MUSiC,EXHAUST,12,EXCESSIVE COMPLETE,S,9966088,2,2,0,0
ウバワレ,EXHAUST,16,EXCESSIVE COMPLETE,S,9905341,20,18,0,0
ウバワレ,GRAVITY,17,EXCESSIVE COMPLETE,AA+,9602668,5,4,0,0
EOS -INFINITE EDIT-,EXHAUST,13,ULTIMATE CHAIN,S,9965397,2,2,1,0
EOS -INFINITE EDIT-,GRAVITY,16,EXCESSIVE COMPLETE,S,9915835,5,5,0,0
Engraved Mark,EXHAUST,16,EXCESSIVE COMPLETE,AAA,9797585,38,35,0,0
Squeeze,EXHAUST,16,EXCESSIVE COMPLETE,AAA+,9892297,28,27,0,0
デッドボヲルdeホームラン,EXHAUST,15,ULTIMATE CHAIN,AAA+,9879518,9,6,1,0
轟け！恋のビーンボール！！,EXHAUST,17,EXCESSIVE COMPLETE,AAA+,9855708,31,30,0,0
Verse IV,EXHAUST,17,EXCESSIVE COMPLETE,AA+,9539860,50,24,0,0
Verse IV,HEAVENLY,19,PLAYED,A+,9120188,9,0,0,0
野球の遊び方　そしてその歴史　～決定版～,EXHAUST,13,EXCESSIVE COMPLETE,S,9959579,3,3,0,0
LittleGameStar,EXHAUST,15,EXCESSIVE COMPLETE,S,9916087,18,16,0,0
LittleGameStar,GRAVITY,17,EXCESSIVE COMPLETE,AAA+,9811705,5,5,0,0
イゴモヨス＝オムルのテーマによるブヨブヨ・スケッチの試み,EXHAUST,17,EXCESSIVE COMPLETE,AAA+,9834269,48,38,0,0
will o' the wisp,EXHAUST,13,ULTIMATE CHAIN,S,9958294,5,5,1,0
Profession,EXHAUST,16,EXCESSIVE COMPLETE,S,9913159,18,18,0,0
雪女,EXHAUST,16,EXCESSIVE COMPLETE,S,9916826,31,29,0,0
雪女,GRAVITY,17,EXCESSIVE COMPLETE,AAA,9729985,17,15,0,0
おお われら喜び讃うべし、主よ,EXHAUST,16,EXCESSIVE COMPLETE,AAA+,9842219,88,82,0,0
上海紅茶館 ～ Chinese Tea Orchid Remix,EXHAUST,16,EXCESSIVE COMPLETE,S,9905541,62,57,0,0
U.N.オーエンは彼女なのか？haru_naba Remix,ADVANCED,11,COMPLETE,AAA,9714557,3,3,0,0
U.N.オーエンは彼女なのか？haru_naba Remix,EXHAUST,17,EXCESSIVE COMPLETE,AA+,9649572,87,22,0,0
Lunatic Rough Party!!,EXHAUST,14,ULTIMATE CHAIN,AAA+,9804560,51,46,1,0
超越してしまった彼女と其を生み落した理由,ADVANCED,12,COMPLETE,AAA,9725663,1,1,0,0
超越してしまった彼女と其を生み落した理由,EXHAUST,17,EXCESSIVE COMPLETE,AA+,9619151,140,25,0,0
超越してしまった彼女と其を生み落した理由,HEAVENLY,18,COMPLETE,AA,9465759,8,1,0,0
Bangin' Burst,ADVANCED,13,ULTIMATE CHAIN,S,9962248,4,4,2,0
Bangin' Burst,EXHAUST,19,COMPLETE,AA+,9515189,104,3,0,0
Bangin' Burst,GRAVITY,19,PLAYED,A+,9222759,10,0,0,0
For UltraPlayers,ADVANCED,13,EXCESSIVE COMPLETE,S,9946504,4,4,0,0
For UltraPlayers,EXHAUST,19,COMPLETE,AA+,9644046,38,29,0,0
For UltraPlayers,HEAVENLY,19,PLAYED,AA,9396284,4,0,0,0
BLACK or WHITE?,ADVANCED,12,COMPLETE,AAA,9783210,1,1,0,0
BLACK or WHITE?,EXHAUST,18,EXCESSIVE COMPLETE,AA+,9595500,62,27,0,0
BLACK or WHITE?,GRAVITY,19,COMPLETE,AA+,9580645,27,21,0,0
Hellfire,ADVANCED,12,ULTIMATE CHAIN,AAA+,9895833,1,1,1,0
Hellfire,EXHAUST,17,EXCESSIVE COMPLETE,AAA+,9820448,43,36,0,0
Hellfire,GRAVITY,18,COMPLETE,AA+,9657422,22,20,0,0
Last Concerto,ADVANCED,12,COMPLETE,AAA,9721377,1,1,0,0
Last Concerto,EXHAUST,17,EXCESSIVE COMPLETE,AAA,9726214,63,43,0,0
Last Concerto,GRAVITY,18,COMPLETE,AA+,9511186,7,4,0,0
Stella Sinistra,EXHAUST,16,EXCESSIVE COMPLETE,AAA,9710356,48,43,0,0
HYENA,EXHAUST,17,EXCESSIVE COMPLETE,AAA,9755658,33,22,0,0
PUNISHER,EXHAUST,16,EXCESSIVE COMPLETE,S,9900831,21,21,0,0
マインド・ゲーム,EXHAUST,14,EXCESSIVE COMPLETE,S,9954481,10,10,0,0
Erlung,EXHAUST,14,ULTIMATE CHAIN,S,9924309,10,9,2,0
Erlung,GRAVITY,17,EXCESSIVE COMPLETE,AAA+,9802590,15,15,0,0
choux à la crème,EXHAUST,16,EXCESSIVE COMPLETE,AAA+,9825072,52,35,0,0
choux à la crème,GRAVITY,17,EXCESSIVE COMPLETE,AAA,9733368,12,12,0,0
take a step forward,EXHAUST,15,EXCESSIVE COMPLETE,AAA+,9887493,27,25,0,0
take a step forward,HEAVENLY,17,EXCESSIVE COMPLETE,AA+,9590380,2,2,0,0
TrailBlazer,EXHAUST,13,ULTIMATE CHAIN,S,9992012,6,4,3,0
TrailBlazer,GRAVITY,16,EXCESSIVE COMPLETE,S,9938235,5,5,0,0
Last Battalion,EXHAUST,15,EXCESSIVE COMPLETE,S,9906832,10,9,0,0
Last Battalion,GRAVITY,17,EXCESSIVE COMPLETE,AAA,9784226,10,10,0,0
クノイチでも恋がしたい,EXHAUST,16,EXCESSIVE COMPLETE,AAA+,9857819,20,19,0,0
shiningray,EXHAUST,13,ULTIMATE CHAIN,AAA+,9894409,45,45,2,0
タイムマシン,EXHAUST,13,EXCESSIVE COMPLETE,S,9927350,1,1,0,0
Decretum,EXHAUST,17,EXCESSIVE COMPLETE,AA+,9570552,91,34,0,0
Dignity,EXHAUST,16,EXCESSIVE COMPLETE,S,9925253,29,24,0,0
ムーニャポヨポヨスッポコニャーゴ,EXHAUST,17,EXCESSIVE COMPLETE,AA+,9623131,35,24,0,0
We Are The Scarlet (SDVX Edit),EXHAUST,15,EXCESSIVE COMPLETE,AAA+,9866908,43,38,0,0
Devotion,EXHAUST,12,ULTIMATE CHAIN,S,9964929,8,8,1,0
ルーネイトエルフ(Riz Mix),EXHAUST,14,EXCESSIVE COMPLETE,S,9949421,17,17,0,0
True Blue,EXHAUST,17,EXCESSIVE COMPLETE,AAA,9782239,51,20,0,0
Shadows in the Light,EXHAUST,13,EXCESSIVE COMPLETE,S,9931921,2,2,0,0
Demetel,EXHAUST,12,ULTIMATE CHAIN,S,9989816,3,3,3,0
トラウィスカルパンテクートリ,EXHAUST,16,EXCESSIVE COMPLETE,AA+,9597026,36,31,0,0
ゆうしゃのなつやすみ,EXHAUST,14,EXCESSIVE COMPLETE,S,9926282,5,5,0,0
Electric "Sister" Bitch,EXHAUST,16,EXCESSIVE COMPLETE,S,9932671,46,43,0,0
桜華月想-SDVX EDIT-,EXHAUST,12,ULTIMATE CHAIN,S,9981834,17,17,2,0
やばいつよくてあたまいいあたいのうた,EXHAUST,15,EXCESSIVE COMPLETE,S,9942872,22,17,0,0
- dirty rouge -,EXHAUST,15,EXCESSIVE COMPLETE,S,9900455,23,21,0,0
BUBBLE RAVER,EXHAUST,15,ULTIMATE CHAIN,S,9902527,14,13,1,0
Paradoxy,EXHAUST,15,EXCESSIVE COMPLETE,AAA+,9898538,21,21,0,0
Rings of Rainbow,EXHAUST,15,EXCESSIVE COMPLETE,S,9908285,12,11,0,0
LEMON SUMMER,EXHAUST,15,EXCESSIVE COMPLETE,AAA+,9884776,20,19,0,0
赤より紅い夢-Aya2g Tech Dance Remix-,EXHAUST,16,EXCESSIVE COMPLETE,S,9902975,48,40,0,0
Indomitable Spirit,EXHAUST,13,EXCESSIVE COMPLETE,S,9981231,20,20,0,0
Catadioptric,EXHAUST,13,ULTIMATE CHAIN,S,9971381,18,18,1,0
放課後ストライド,EXHAUST,16,EXCESSIVE COMPLETE,S,9929942,24,16,0,0
放課後ストライド,HEAVENLY,17,EXCESSIVE COMPLETE,AAA,9729429,2,2,0,0
マネマネサイコトロピック,EXHAUST,14,ULTIMATE CHAIN,S,9961020,4,2,1,0
夢の空、約束の場所,EXHAUST,11,PERFECT,S,10000000,17,17,9,1
ワヴル魔法図書館,EXHAUST,15,EXCESSIVE COMPLETE,S,9904125,45,39,0,0
最終鬼畜妹フランドール・S,ADVANCED,12,COMPLETE,AAA,9786941,13,12,0,0
最終鬼畜妹フランドール・S,EXHAUST,16,EXCESSIVE COMPLETE,AAA+,9846915,90,63,0,0
最終鬼畜妹フランドール・S,GRAVITY,18,EXCESSIVE COMPLETE,AAA+,9806227,48,35,0,0
Shiny Up!,EXHAUST,12,ULTIMATE CHAIN,S,9994731,16,16,2,0
Hail Storm,EXHAUST,12,ULTIMATE CHAIN,S,9987980,6,6,3,0
INFINITY OVERDRIVE,EXHAUST,15,ULTIMATE CHAIN,S,9937500,18,14,1,0
INFINITY OVERDRIVE,GRAVITY,17,EXCESSIVE COMPLETE,AAA,9777992,21,18,0,0
Crack Traxxxx,EXHAUST,16,EXCESSIVE COMPLETE,AAA+,9843895,49,19,0,0
Crack Traxxxx,GRAVITY,18,COMPLETE,AA+,9547030,23,7,0,0
XROSS INFECTION,EXHAUST,17,EXCESSIVE COMPLETE,AAA,9790281,32,17,0,0
XROSS INFECTION,GRAVITY,19,PLAYED,AA,9366292,35,0,0,0
Double Universe,EXHAUST,16,EXCESSIVE COMPLETE,S,9901105,17,17,0,0
Double Universe,GRAVITY,17,EXCESSIVE COMPLETE,AA+,9676240,15,14,0,0
Dawn of Asia,EXHAUST,15,ULTIMATE CHAIN,S,9928571,20,17,1,0
Dawn of Asia,GRAVITY,16,EXCESSIVE COMPLETE,AAA+,9887500,27,27,0,0
8 -eight-,EXHAUST,16,EXCESSIVE COMPLETE,AAA+,9804246,7,7,0,0
Over the Starlit sky,ADVANCED,9,COMPLETE,AAA+,9864253,2,2,0,0
Over the Starlit sky,EXHAUST,15,EXCESSIVE COMPLETE,S,9914910,54,44,0,0
snow storm -euphoria-,EXHAUST,17,EXCESSIVE COMPLETE,AAA,9714891,121,36,0,0
snow storm -euphoria-,GRAVITY,19,COMPLETE,AA,9341121,45,4,0,0
曾根崎心中,EXHAUST,15,EXCESSIVE COMPLETE,AAA+,9808526,16,12,0,0
Darkness Pleasure,EXHAUST,12,ULTIMATE CHAIN,S,9979487,21,21,1,0
DEADLOCK XXX,EXHAUST,17,EXCESSIVE COMPLETE,AA+,9668209,49,20,0,0
魔法少女達の百年祭(masty core remix),EXHAUST,15,EXCESSIVE COMPLETE,AAA+,9893762,68,63,0,0
ユクエシレズ,EXHAUST,13,ULTIMATE CHAIN,S,9924487,4,2,1,0
ありふれたせかいせいふく,EXHAUST,13,EXCESSIVE COMPLETE,S,9938900,1,1,0,0
ウサテイ,EXHAUST,15,EXCESSIVE COMPLETE,AAA+,9883000,44,42,0,0
Quietus Ray,EXHAUST,17,EXCESSIVE COMPLETE,AA+,9622980,151,17,0,0
Quietus Ray,HEAVENLY,19,PLAYED,AA,9380718,14,0,0,0
Starlight Vision,EXHAUST,12,ULTIMATE CHAIN,S,9980769,17,17,4,0
VERSUS!!,EXHAUST,15,EXCESSIVE COMPLETE,AAA,9790209,46,46,0,0
Booths of Fighters,EXHAUST,17,COMPLETE,AA+,9534422,113,6,0,0
Booths of Fighters,HEAVENLY,19,PLAYED,A+,9107990,5,0,0,0
Playing With Fire,EXHAUST,16,EXCESSIVE COMPLETE,AAA+,9852686,21,21,0,0
愛くるしフール -Not EASY!!-,ADVANCED,10,COMPLETE,AAA,9794661,2,2,0,0
愛くるしフール -Not EASY!!-,EXHAUST,15,EXCESSIVE COMPLETE,S,9944731,31,28,0,0
赤より紅い夢 -lucid dream Mix-,EXHAUST,13,ULTIMATE CHAIN,S,9975349,23,23,1,0
太陽はやめて！ぼくらのスカーレット警察,EXHAUST,13,ULTIMATE CHAIN,S,9988619,17,17,1,0
U.N. Owen was her? (Hyuji Remix),EXHAUST,13,ULTIMATE CHAIN,S,9949651,64,62,3,0
Lunartic Dial,ADVANCED,10,ULTIMATE CHAIN,AAA,9786585,16,16,2,0
Lunartic Dial,EXHAUST,16,EXCESSIVE COMPLETE,AAA,9796145,73,54,0,0
Voice 2 Voice,EXHAUST,15,EXCESSIVE COMPLETE,AAA+,9874888,29,27,0,0
Smile,EXHAUST,12,ULTIMATE CHAIN,S,9956427,1,1,1,0
Daily Lunch Special ～DeliciousREMIX～,EXHAUST,15,EXCESSIVE COMPLETE,AAA+,9876589,19,19,0,0
デストロイマーチ,ADVANCED,11,COMPLETE,AAA+,9825511,1,1,0,0
デストロイマーチ,EXHAUST,16,EXCESSIVE COMPLETE,AAA,9705882,56,34,0,0
Unicorn tail Dustboxxxx RMX,EXHAUST,16,EXCESSIVE COMPLETE,S,9924916,30,26,0,0
Venona,ADVANCED,10,COMPLETE,AAA+,9806201,5,5,0,0
Venona,EXHAUST,15,EXCESSIVE COMPLETE,S,9901247,45,32,0,0
Silver Impact,ADVANCED,8,COMPLETE,AAA+,9826254,1,1,0,0
Silver Impact,EXHAUST,13,ULTIMATE CHAIN,S,9947289,91,86,4,0
Cirno Break,ADVANCED,10,COMPLETE,AAA+,9814814,1,1,0,0
Cirno Break,EXHAUST,16,EXCESSIVE COMPLETE,AAA+,9896729,84,63,0,0
#Fairy_dancing_in_lake,ADVANCED,11,COMPLETE,AAA+,9829842,1,1,0,0
#Fairy_dancing_in_lake,EXHAUST,16,EXCESSIVE COMPLETE,AAA+,9839151,40,35,0,0
モモンが門番ばんっ☆,ADVANCED,9,COMPLETE,AAA+,9816919,1,1,0,0
モモンが門番ばんっ☆,EXHAUST,15,EXCESSIVE COMPLETE,S,9917330,20,16,0,0
U.N.オーエンは彼女なのか？(TO-HOlic mix),ADVANCED,11,COMPLETE,AAA+,9874396,3,3,0,0
U.N.オーエンは彼女なのか？(TO-HOlic mix),EXHAUST,16,EXCESSIVE COMPLETE,S,9921638,43,35,0,0
音楽 -resolve-,EXHAUST,17,EXCESSIVE COMPLETE,AA+,9669724,46,26,0,0
少年は空を辿る Prog Piano Remix,EXHAUST,16,EXCESSIVE COMPLETE,AAA+,9803304,30,28,0,0
少年は空を辿る Prog Piano Remix,GRAVITY,17,EXCESSIVE COMPLETE,AA+,9559805,38,24,0,0
獣性オーバーフロウ,EXHAUST,15,ULTIMATE CHAIN,AAA+,9897660,28,22,1,0
HAPPY HEART BEAT,EXHAUST,14,ULTIMATE CHAIN,S,9979959,4,4,1,0
華陽炎-Hana Kagerou-,ADVANCED,10,COMPLETE,AAA,9717832,1,1,0,0
華陽炎-Hana Kagerou-,EXHAUST,14,EXCESSIVE COMPLETE,S,9940664,6,4,0,0
BabeL ～Next Story～,EXHAUST,17,EXCESSIVE COMPLETE,AAA,9760198,24,21,0,0
いーあるふぁんくらぶ,EXHAUST,13,ULTIMATE CHAIN,S,9927685,3,3,2,0
いーあるふぁんくらぶ,GRAVITY,16,EXCESSIVE COMPLETE,S,9909297,6,6,0,0
え？あぁ、そう。,EXHAUST,12,EXCESSIVE COMPLETE,S,9971815,1,1,0,0
OVERDRIVERS,EXHAUST,14,EXCESSIVE COMPLETE,S,9911470,25,21,0,0
GEROL,EXHAUST,16,EXCESSIVE COMPLETE,S,9919883,34,32,0,0
Sakura Reflection 音頭 -盆踊Remix-,EXHAUST,13,ULTIMATE CHAIN,S,9946550,2,2,1,0
Survival Games (Hommarju Remix),EXHAUST,13,EXCESSIVE COMPLETE,S,9932829,2,2,0,0
Joyeuse,ADVANCED,10,ULTIMATE CHAIN,AAA+,9885807,1,1,1,0
Joyeuse,EXHAUST,17,EXCESSIVE COMPLETE,AA,9419354,143,13,0,0
HΨ=世界創造=EΨ,EXHAUST,12,ULTIMATE CHAIN,S,9973743,1,1,1,0
つぶやき魔法少女りむる,EXHAUST,16,EXCESSIVE COMPLETE,AAA+,9827677,28,22,0,0
ネトゲ廃人シュプレヒコール,EXHAUST,13,EXCESSIVE COMPLETE,S,9944400,3,3,0,0
HAELEQUIN,EXHAUST,17,EXCESSIVE COMPLETE,AAA,9726902,80,55,0,0
迷妄少年と小世界,EXHAUST,13,EXCESSIVE COMPLETE,S,9919886,2,2,0,0
殯,EXHAUST,13,EXCESSIVE COMPLETE,S,9958739,3,1,0,0
悪いところがひとつもない！,EXHAUST,14,EXCESSIVE COMPLETE,S,9905374,10,10,0,0
アルストロメリア KURO-HACO Remix,ADVANCED,10,COMPLETE,AA+,9536697,1,1,0,0
アルストロメリア KURO-HACO Remix,EXHAUST,15,ULTIMATE CHAIN,AAA+,9839615,37,37,1,0
C18H27NO3,EXHAUST,16,EXCESSIVE COMPLETE,S,9921135,46,30,0,0
C18H27NO3,HEAVENLY,18,COMPLETE,AA+,9649797,2,2,0,0
カラルの月 Verdammt Remix,EXHAUST,12,EXCESSIVE COMPLETE,AAA+,9844753,2,1,0,0
隅田川夏恋歌 (I/O Angel mix),EXHAUST,12,EXCESSIVE COMPLETE,S,9948186,1,1,0,0
Bad ∞ End ∞ Night,EXHAUST,13,ULTIMATE CHAIN,S,9944061,1,1,1,0
ラクガキスト,EXHAUST,16,EXCESSIVE COMPLETE,AA+,9676882,45,36,0,0
Lieselotte,EXHAUST,15,EXCESSIVE COMPLETE,S,9915897,9,8,0,0
ロストワンの号哭,EXHAUST,13,ULTIMATE CHAIN,S,9935163,6,5,1,0
ロストワンの号哭,GRAVITY,16,EXCESSIVE COMPLETE,AAA+,9825978,5,5,0,0
I'm so Happy,ADVANCED,9,ULTIMATE CHAIN,AAA+,9884225,2,2,1,0
I'm so Happy,EXHAUST,16,EXCESSIVE COMPLETE,AAA,9788676,47,44,0,0
VALLIS-NERIA,EXHAUST,17,COMPLETE,AA+,9661639,23,8,0,0
En FIRE-G SOUL,EXHAUST,13,EXCESSIVE COMPLETE,S,9910474,4,4,0,0
音楽 -壊音楽 mix-,EXHAUST,17,EXCESSIVE COMPLETE,AAA+,9806286,29,22,0,0
こちら、幸福安心委員会です。,EXHAUST,15,ULTIMATE CHAIN,S,9992737,13,12,3,0
サンドリヨン,EXHAUST,13,EXCESSIVE COMPLETE,S,9969982,1,1,0,0
Party Stream !!,EXHAUST,14,ULTIMATE CHAIN,AAA+,9872994,9,9,1,0
ませまてぃっく♥ま+ま=まじっく！,EXHAUST,15,EXCESSIVE COMPLETE,S,9905395,14,14,0,0
WobbleTangleFestival,EXHAUST,13,ULTIMATE CHAIN,S,9911971,7,7,1,0
Antinomie (SDVX EDIT),ADVANCED,10,COMPLETE,S,9946280,5,5,0,0
Antinomie (SDVX EDIT),EXHAUST,13,ULTIMATE CHAIN,S,9982686,30,26,1,0
Qubism,EXHAUST,16,EXCESSIVE COMPLETE,AAA+,9849849,61,49,0,0
Keep Going!,ADVANCED,9,COMPLETE,AAA+,9818313,3,3,0,0
Keep Going!,EXHAUST,13,ULTIMATE CHAIN,S,9962468,24,22,3,0
天狗の落とし文 feat. ｙｔｒ,ADVANCED,9,ULTIMATE CHAIN,S,9968888,2,2,1,0
天狗の落とし文 feat. ｙｔｒ,EXHAUST,13,ULTIMATE CHAIN,S,9983776,22,20,1,0
Two Fates,ADVANCED,6,COMPLETE,AA+,9643243,1,1,0,0
Two Fates,EXHAUST,11,ULTIMATE CHAIN,S,9989270,10,10,2,0
Tomato Leaf Breaks,EXHAUST,13,ULTIMATE CHAIN,S,9900776,17,16,1,0
Power of Battle (SDVX EDIT),ADVANCED,10,COMPLETE,AAA+,9809885,2,2,0,0
Power of Battle (SDVX EDIT),EXHAUST,13,ULTIMATE CHAIN,S,9968944,19,16,1,0
Fly to Next World (syzfonics Remix),EXHAUST,12,ULTIMATE CHAIN,S,9967682,1,1,1,0
魔境堕天録サリエル,ADVANCED,9,COMPLETE,AAA+,9876695,4,4,0,0
魔境堕天録サリエル,EXHAUST,14,ULTIMATE CHAIN,S,9927745,29,26,2,0
魔境堕天録サリエル,HEAVENLY,18,COMPLETE,AA+,9609544,15,11,0,0
アノ華咲クヤ,NOVICE,3,COMPLETE,AAA+,9817961,1,1,0,0
アノ華咲クヤ,ADVANCED,11,COMPLETE,AAA+,9854838,6,6,0,0
アノ華咲クヤ,EXHAUST,14,ULTIMATE CHAIN,S,9972222,14,14,1,0
UNLIMITED FIRE (DJ Amane Remix),ADVANCED,9,COMPLETE,AA,9392857,1,1,0,0
UNLIMITED FIRE (DJ Amane Remix),EXHAUST,13,ULTIMATE CHAIN,S,9939418,9,7,3,0
Vindicator,EXHAUST,15,EXCESSIVE COMPLETE,AAA+,9852521,21,19,0,0
エピクロスの虹はもう見えない,ADVANCED,7,COMPLETE,AAA,9778571,2,2,0,0
エピクロスの虹はもう見えない,EXHAUST,12,PERFECT,S,10000000,18,18,4,1
神々の祈り,ADVANCED,7,COMPLETE,AAA+,9812661,3,3,0,0
神々の祈り,EXHAUST,10,PERFECT,S,10000000,19,19,11,1
Goodbye-bye Planet,EXHAUST,14,ULTIMATE CHAIN,S,9957835,17,9,2,0
げきオコスティックファイナリアリティぷんぷんマスタースパーク,ADVANCED,11,COMPLETE,AAA+,9803229,8,8,0,0
げきオコスティックファイナリアリティぷんぷんマスタースパーク,EXHAUST,14,ULTIMATE CHAIN,S,9959476,19,14,1,0
concon (picom'n'bass rmx),EXHAUST,13,ULTIMATE CHAIN,S,9944491,3,3,1,0
Sakura Reflection (P*Light Slayer Remix),EXHAUST,15,EXCESSIVE COMPLETE,S,9907680,17,14,0,0
She is my wife すーぱーアイドル☆ミツル子Remixちゃん,EXHAUST,15,EXCESSIVE COMPLETE,AAA,9794900,30,28,0,0
十面相（フリーダムver.）,EXHAUST,14,EXCESSIVE COMPLETE,S,9961993,6,6,0,0
GIGI BABA,EXHAUST,13,EXCESSIVE COMPLETE,S,9934383,5,5,0,0
自由のための不自由,EXHAUST,11,ULTIMATE CHAIN,S,9975550,1,1,1,0
SCAPEGOAT BOY - SDVX Edit. -,ADVANCED,8,ULTIMATE CHAIN,AAA+,9872448,10,10,1,0
SCAPEGOAT BOY - SDVX Edit. -,EXHAUST,14,ULTIMATE CHAIN,S,9959641,47,42,1,0
Starlight Express,ADVANCED,9,COMPLETE,AAA+,9889336,1,1,0,0
Starlight Express,EXHAUST,16,EXCESSIVE COMPLETE,AAA,9785429,47,28,0,0
青春☆してるかい？READY&LADY!,EXHAUST,13,EXCESSIVE COMPLETE,S,9920353,15,15,0,0
星霜輪廻～Repeat～,ADVANCED,8,ULTIMATE CHAIN,AAA+,9823989,6,6,1,0
星霜輪廻～Repeat～,EXHAUST,13,ULTIMATE CHAIN,S,9975124,38,31,1,0
蒼空に舞え、墨染の桜,ADVANCED,6,COMPLETE,AAA+,9814578,8,8,0,0
蒼空に舞え、墨染の桜,EXHAUST,11,PERFECT,S,10000000,23,22,3,1
Daily Lunch Special (tpz Overcute Remix),EXHAUST,13,EXCESSIVE COMPLETE,S,9925650,12,9,0,0
DELETED MOTION,EXHAUST,13,EXCESSIVE COMPLETE,S,9912587,2,2,0,0
トーキョープレジャーグラウンド,EXHAUST,13,EXCESSIVE COMPLETE,S,9950835,3,3,0,0
東方妖々夢 ～the maximum moving about～,ADVANCED,8,ULTIMATE CHAIN,S,9950980,13,13,1,0
東方妖々夢 ～the maximum moving about～,EXHAUST,13,PERFECT,S,10000000,58,53,11,1
Next infection,EXHAUST,15,EXCESSIVE COMPLETE,S,9911971,11,10,0,0
非公開日誌,EXHAUST,12,ULTIMATE CHAIN,S,9970645,1,1,1,0
ファンタジースター,EXHAUST,13,ULTIMATE CHAIN,S,9945994,1,1,1,0
Foolish Hero,EXHAUST,14,ULTIMATE CHAIN,S,9914236,3,3,1,0
Mother Ship (C-YA MIX),EXHAUST,15,ULTIMATE CHAIN,AAA+,9824644,25,25,1,0
待チ人ハ来ズ。,NOVICE,3,ULTIMATE CHAIN,AAA+,9834254,1,1,1,0
待チ人ハ来ズ。,ADVANCED,7,COMPLETE,AAA+,9821899,5,5,0,0
待チ人ハ来ズ。,EXHAUST,12,ULTIMATE CHAIN,S,9982094,22,22,5,0
Raptate,EXHAUST,12,ULTIMATE CHAIN,S,9981250,3,2,2,0
ワールド・ランプシェード,EXHAUST,12,ULTIMATE CHAIN,S,9991496,1,1,1,0
仇返しシンドローム,EXHAUST,15,EXCESSIVE COMPLETE,S,9921357,19,17,0,0
孤独の番人,EXHAUST,16,EXCESSIVE COMPLETE,S,9926573,36,26,0,0
孤独の番人,HEAVENLY,18,COMPLETE,AA+,9591097,2,2,0,0
ドロボウナイトトリック,EXHAUST,14,EXCESSIVE COMPLETE,S,9911333,6,6,0,0
ルービックキューブ,EXHAUST,15,EXCESSIVE COMPLETE,S,9906588,18,18,0,0
Strawberry Crisis,NOVICE,4,COMPLETE,AA+,9681159,1,1,0,0
Strawberry Crisis,ADVANCED,10,COMPLETE,AAA,9780033,6,4,0,0
Strawberry Crisis,EXHAUST,16,EXCESSIVE COMPLETE,S,9904134,37,30,0,0
秘封倶楽部の未踏世界,NOVICE,2,COMPLETE,AA+,9528571,1,1,0,0
秘封倶楽部の未踏世界,ADVANCED,9,COMPLETE,AAA+,9807197,12,11,0,0
秘封倶楽部の未踏世界,EXHAUST,12,ULTIMATE CHAIN,S,9946183,48,48,8,0
Wheel,NOVICE,3,COMPLETE,AAA+,9892996,1,1,0,0
Wheel,ADVANCED,11,ULTIMATE CHAIN,AAA+,9805781,17,15,1,0
Wheel,EXHAUST,16,EXCESSIVE COMPLETE,S,9932885,82,76,0,0
Wheel,HEAVENLY,17,EXCESSIVE COMPLETE,AAA+,9866511,3,3,0,0
The world of sound,EXHAUST,17,EXCESSIVE COMPLETE,AA+,9531554,62,34,0,0
The world of sound,HEAVENLY,18,COMPLETE,AA+,9514842,2,2,0,0
STARDUST MERMAID,EXHAUST,12,EXCESSIVE COMPLETE,S,9936440,1,1,0,0
ずっとそばにいさせてよね！,EXHAUST,15,EXCESSIVE COMPLETE,S,9925093,19,16,0,0
七色のウタ,EXHAUST,13,ULTIMATE CHAIN,S,9992668,1,1,1,0
Hello world!,EXHAUST,13,ULTIMATE CHAIN,S,9915780,2,2,2,0
超恋愛☆エクストリーム・ガール,EXHAUST,15,ULTIMATE CHAIN,S,9960767,15,14,1,0
僕たちは此処にいる,EXHAUST,13,ULTIMATE CHAIN,S,9959959,2,2,1,0
Life is Beautiful,EXHAUST,13,EXCESSIVE COMPLETE,S,9930156,5,5,0,0
Earthquake Super Shock - SDVX Edit. -,NOVICE,4,COMPLETE,AA,9458955,2,2,0,0
Earthquake Super Shock - SDVX Edit. -,ADVANCED,10,COMPLETE,AAA+,9822695,9,9,0,0
Earthquake Super Shock - SDVX Edit. -,EXHAUST,15,EXCESSIVE COMPLETE,S,9916666,68,48,0,0
過食性:アイドル症候群,EXHAUST,16,EXCESSIVE COMPLETE,AAA+,9829545,36,31,0,0
過食性:アイドル症候群,INFINITE,17,EXCESSIVE COMPLETE,AAA,9746478,61,33,0,0
ケッペキショウ,EXHAUST,15,EXCESSIVE COMPLETE,S,9901652,15,15,0,0
金縛りの逢を,EXHAUST,17,EXCESSIVE COMPLETE,AA+,9648370,64,16,0,0
金縛りの逢を,HEAVENLY,18,EXCESSIVE COMPLETE,AAA,9727189,13,8,0,0
センチメント,EXHAUST,10,ULTIMATE CHAIN,S,9947437,1,1,1,0
Disagree Feelings,EXHAUST,15,ULTIMATE CHAIN,S,9950859,14,12,1,0
MANDARA,EXHAUST,15,EXCESSIVE COMPLETE,AAA+,9809081,29,29,0,0
境界インサニティー,EXHAUST,13,EXCESSIVE COMPLETE,S,9924755,4,4,0,0
ナツノメイロ,EXHAUST,14,EXCESSIVE COMPLETE,S,9902789,10,10,0,0
泡沫、哀のまほろば,NOVICE,2,COMPLETE,AAA+,9835820,1,1,0,0
泡沫、哀のまほろば,ADVANCED,8,COMPLETE,AAA+,9866844,8,8,0,0
泡沫、哀のまほろば,EXHAUST,13,ULTIMATE CHAIN,S,9909747,63,55,1,0
究極焼肉レストラン！お燐の地獄亭！,NOVICE,5,PLAYED,B,8202357,1,0,0,0
究極焼肉レストラン！お燐の地獄亭！,ADVANCED,10,COMPLETE,AAA+,9821683,8,8,0,0
究極焼肉レストラン！お燐の地獄亭！,EXHAUST,13,ULTIMATE CHAIN,S,9962192,13,13,1,0
Silent Story,NOVICE,2,COMPLETE,AAA,9757085,2,2,0,0
Silent Story,ADVANCED,8,COMPLETE,AAA,9799426,4,4,0,0
Silent Story,EXHAUST,11,ULTIMATE CHAIN,S,9995269,16,15,2,0
DesireDrive,NOVICE,5,COMPLETE,AA,9407783,2,2,0,0
DesireDrive,ADVANCED,10,COMPLETE,AAA+,9826498,7,7,0,0
DesireDrive,EXHAUST,13,ULTIMATE CHAIN,S,9930313,37,34,3,0
ナイト・オブ・ナイツ,NOVICE,5,COMPLETE,A+,9262711,4,3,0,0
ナイト・オブ・ナイツ,ADVANCED,11,COMPLETE,AAA,9792191,6,6,0,0
ナイト・オブ・ナイツ,EXHAUST,15,ULTIMATE CHAIN,S,9918032,87,82,2,0
ナイト・オブ・ナイツ,INFINITE,17,EXCESSIVE COMPLETE,AA+,9661954,64,31,0,0
-Rayrain-,NOVICE,3,COMPLETE,AAA+,9812500,1,1,0,0
-Rayrain-,ADVANCED,9,COMPLETE,AAA+,9848484,6,6,0,0
-Rayrain-,EXHAUST,12,ULTIMATE CHAIN,S,9994861,33,31,2,0
色は匂へど散りぬるを,NOVICE,2,COMPLETE,AAA+,9877800,1,1,0,0
色は匂へど散りぬるを,ADVANCED,8,ULTIMATE CHAIN,AAA+,9875776,11,10,1,0
色は匂へど散りぬるを,EXHAUST,12,ULTIMATE CHAIN,S,9972222,40,27,1,0
ケロ⑨destiny,NOVICE,4,PLAYED,B,8396946,1,0,0,0
ケロ⑨destiny,ADVANCED,10,COMPLETE,AAA,9795221,12,10,0,0
ケロ⑨destiny,EXHAUST,15,ULTIMATE CHAIN,S,9928263,59,50,2,0
ケロ⑨destiny,HEAVENLY,17,EXCESSIVE COMPLETE,AAA,9735694,13,11,0,0
Help me， ERINNNNNN!!,NOVICE,5,COMPLETE,AAA,9776951,2,2,0,0
Help me， ERINNNNNN!!,ADVANCED,10,COMPLETE,AAA,9778510,5,3,0,0
Help me， ERINNNNNN!!,EXHAUST,13,ULTIMATE CHAIN,S,9973027,37,19,2,0
魔理沙は大変なものを盗んでいきました,ADVANCED,9,COMPLETE,AAA+,9832335,11,10,0,0
魔理沙は大変なものを盗んでいきました,EXHAUST,13,ULTIMATE CHAIN,S,9904643,61,54,1,0
魔理沙は大変なものを盗んでいきました,GRAVITY,18,COMPLETE,AA,9350026,28,11,0,0
物凄い勢いでけーねが物凄いうた,NOVICE,5,COMPLETE,B,8604336,1,1,0,0
物凄い勢いでけーねが物凄いうた,ADVANCED,10,COMPLETE,AAA+,9819034,4,4,0,0
物凄い勢いでけーねが物凄いうた,EXHAUST,15,EXCESSIVE COMPLETE,S,9943651,18,13,0,0
Rot in hell！！,NOVICE,3,COMPLETE,AA+,9695312,1,1,0,0
Rot in hell！！,ADVANCED,8,COMPLETE,AAA+,9808743,13,13,0,0
Rot in hell！！,EXHAUST,13,ULTIMATE CHAIN,S,9966887,28,26,1,0
croiX,EXHAUST,16,EXCESSIVE COMPLETE,AA+,9630738,61,38,0,0
croiX,INFINITE,18,COMPLETE,AA,9446246,36,19,0,0
Gott,EXHAUST,16,EXCESSIVE COMPLETE,AAA+,9804605,100,58,0,0
Gott,INFINITE,17,EXCESSIVE COMPLETE,AA+,9656138,72,53,0,0
Dynasty,ADVANCED,12,PLAYED,AAA,9774477,1,0,0,0
Dynasty,EXHAUST,16,EXCESSIVE COMPLETE,AAA+,9869505,48,36,0,0
Dynasty,INFINITE,17,EXCESSIVE COMPLETE,AA+,9667560,47,32,0,0
PANIC HOLIC,EXHAUST,16,EXCESSIVE COMPLETE,S,9919816,38,28,0,0
PANIC HOLIC,GRAVITY,17,EXCESSIVE COMPLETE,AAA,9719600,31,20,0,0
Max Burning!!,EXHAUST,17,EXCESSIVE COMPLETE,AAA,9714506,68,42,0,0
Max Burning!!,INFINITE,19,COMPLETE,AA+,9611421,47,16,0,0
Absurd Gaff,EXHAUST,16,EXCESSIVE COMPLETE,AAA+,9859550,61,46,0,0
Absurd Gaff,GRAVITY,18,COMPLETE,AA+,9514857,33,20,0,0
EGG,EXHAUST,14,ULTIMATE CHAIN,S,9940769,7,2,1,0
EGG,GRAVITY,17,EXCESSIVE COMPLETE,AAA,9783475,37,36,0,0
éclair au chocolat,EXHAUST,13,ULTIMATE CHAIN,S,9922057,9,3,2,0
éclair au chocolat,GRAVITY,17,EXCESSIVE COMPLETE,AAA+,9822349,19,19,0,0
大宇宙ステージ,EXHAUST,17,EXCESSIVE COMPLETE,AA,9456018,30,8,0,0
大宇宙ステージ,GRAVITY,19,COMPLETE,A,8910133,12,1,0,0
TRIGGER★HAPPY,EXHAUST,14,ULTIMATE CHAIN,S,9938917,19,15,2,0
TRIGGER★HAPPY,GRAVITY,16,EXCESSIVE COMPLETE,AAA,9783125,39,36,0,0
VISION,EXHAUST,13,ULTIMATE CHAIN,S,9929519,9,4,3,0
VISION,GRAVITY,16,EXCESSIVE COMPLETE,AAA+,9828462,19,19,0,0
カミサマネジマキ,EXHAUST,15,EXCESSIVE COMPLETE,S,9913265,26,20,0,0
カミサマネジマキ,GRAVITY,17,EXCESSIVE COMPLETE,AA+,9685010,36,33,0,0
ディストピア・ジパング,EXHAUST,13,EXCESSIVE COMPLETE,S,9944889,3,3,0,0
ノイジーラバーソウル,EXHAUST,15,EXCESSIVE COMPLETE,S,9904086,24,23,0,0
V.I.P.,EXHAUST,17,EXCESSIVE COMPLETE,AAA,9707267,50,25,0,0
V.I.P.,HEAVENLY,18,COMPLETE,AA,9468412,6,6,0,0
エスケープ・フロム・ディストピア,EXHAUST,15,EXCESSIVE COMPLETE,S,9926578,14,14,0,0
腐れ外道とチョコレゐト,EXHAUST,14,ULTIMATE CHAIN,S,9900000,20,19,1,0
十面相,EXHAUST,13,ULTIMATE CHAIN,S,9955516,8,8,2,0
人生リセットボタン,EXHAUST,15,EXCESSIVE COMPLETE,S,9907251,10,10,0,0
ルートスフィア,EXHAUST,11,EXCESSIVE COMPLETE,S,9976470,3,1,0,0
Soundscape,EXHAUST,13,EXCESSIVE COMPLETE,S,9947460,6,6,0,0
AA BlackY mix,EXHAUST,16,EXCESSIVE COMPLETE,AAA,9777397,57,42,0,0
AA BlackY mix,INFINITE,17,EXCESSIVE COMPLETE,AA+,9589328,43,32,0,0
Tomorrow Perfume (tpz Despair Remix),EXHAUST,13,ULTIMATE CHAIN,S,9934800,7,5,1,0
pandora (Maozon Remix),EXHAUST,13,EXCESSIVE COMPLETE,S,9958362,2,2,0,0
Freeway Shuffle -More2 HAPPY Re-Mix-,EXHAUST,15,EXCESSIVE COMPLETE,S,9937913,22,21,0,0
Abyss (sharp stepp remix),EXHAUST,13,ULTIMATE CHAIN,S,9906832,6,6,1,0
Tomorrow Perfume (C-Show Remix),EXHAUST,16,EXCESSIVE COMPLETE,AAA+,9822641,23,19,0,0
Blue Rain Dustboxxxx RMX,EXHAUST,14,ULTIMATE CHAIN,S,9944478,8,7,1,0
Ray,EXHAUST,12,ULTIMATE CHAIN,S,9956784,4,2,1,0
Ray,HEAVENLY,16,EXCESSIVE COMPLETE,AAA,9763157,1,1,0,0
rainbow flyer -gratitude remix-,EXHAUST,16,EXCESSIVE COMPLETE,S,9909909,16,13,0,0
明星ロケット,NOVICE,3,COMPLETE,AA,9481865,2,2,0,0
明星ロケット,ADVANCED,8,COMPLETE,AAA+,9851612,13,10,0,0
明星ロケット,EXHAUST,13,EXCESSIVE COMPLETE,S,9924098,38,36,0,0
幻想のサテライト,NOVICE,5,COMPLETE,AA,9332917,2,2,0,0
幻想のサテライト,ADVANCED,11,COMPLETE,AAA+,9835061,23,21,0,0
幻想のサテライト,EXHAUST,16,EXCESSIVE COMPLETE,S,9909778,63,55,0,0
幻想のサテライト,HEAVENLY,18,EXCESSIVE COMPLETE,AAA,9757528,18,15,0,0
月に叢雲華に風,NOVICE,5,COMPLETE,AA+,9678961,3,2,0,0
月に叢雲華に風,ADVANCED,9,COMPLETE,AAA,9779487,17,10,0,0
月に叢雲華に風,EXHAUST,13,ULTIMATE CHAIN,S,9995805,31,28,4,0
月に叢雲華に風,INFINITE,15,ULTIMATE CHAIN,S,9959885,23,22,1,0
Runway Drive,ADVANCED,7,COMPLETE,AA+,9524089,6,5,0,0
Runway Drive,EXHAUST,11,PERFECT,S,10000000,13,13,5,1
Grip & Break down !! - SDVX Edit. -,NOVICE,5,COMPLETE,AA+,9668411,3,3,0,0
Grip & Break down !! - SDVX Edit. -,ADVANCED,10,ULTIMATE CHAIN,AAA,9792960,14,13,1,0
Grip & Break down !! - SDVX Edit. -,EXHAUST,15,ULTIMATE CHAIN,S,9906976,74,59,1,0
taboo tears you up 2008,NOVICE,4,COMPLETE,AA+,9577777,3,3,0,0
taboo tears you up 2008,ADVANCED,10,COMPLETE,AAA+,9824780,13,13,0,0
taboo tears you up 2008,EXHAUST,15,EXCESSIVE COMPLETE,S,9912974,35,22,0,0
チルノのパーフェクトさんすう教室,NOVICE,5,COMPLETE,AA,9320486,1,1,0,0
チルノのパーフェクトさんすう教室,ADVANCED,10,COMPLETE,AA+,9640943,13,12,0,0
チルノのパーフェクトさんすう教室,EXHAUST,13,EXCESSIVE COMPLETE,S,9941520,68,54,0,0
チルノのパーフェクトさんすう教室,INFINITE,16,EXCESSIVE COMPLETE,AAA,9792032,52,50,0,0
Bad Apple!! feat. nomico,NOVICE,2,COMPLETE,A,8804627,1,1,0,0
Bad Apple!! feat. nomico,ADVANCED,7,COMPLETE,AAA+,9852507,10,10,0,0
Bad Apple!! feat. nomico,EXHAUST,12,ULTIMATE CHAIN,S,9979550,42,37,3,0
Bad Apple!! feat. nomico,INFINITE,16,EXCESSIVE COMPLETE,S,9908386,20,19,0,0
再教育,EXHAUST,9,ULTIMATE CHAIN,S,9952456,1,1,1,0
dreamin' feat.Ryu☆,EXHAUST,13,ULTIMATE CHAIN,S,9988272,10,8,1,0
Black Board,EXHAUST,12,ULTIMATE CHAIN,S,9988545,1,1,1,0
ポーカーフェイス,EXHAUST,12,ULTIMATE CHAIN,S,9961767,1,1,1,0
イカサマライフゲイム,ADVANCED,10,PLAYED,A+,9197198,3,0,0,0
イカサマライフゲイム,EXHAUST,14,ULTIMATE CHAIN,S,9967811,8,8,4,0
セツナトリップ,EXHAUST,15,ULTIMATE CHAIN,S,9907243,33,26,1,0
セツナトリップ,HEAVENLY,17,EXCESSIVE COMPLETE,AA+,9659666,9,7,0,0
恋愛勇者,EXHAUST,12,ULTIMATE CHAIN,S,9994818,1,1,1,0
六兆年と一夜物語,EXHAUST,14,ULTIMATE CHAIN,S,9933808,12,9,1,0
六兆年と一夜物語,INFINITE,16,EXCESSIVE COMPLETE,AAA+,9818181,25,25,0,0
炉心融解,EXHAUST,11,PERFECT,S,10000000,3,2,1,1
炉心融解,INFINITE,13,ULTIMATE CHAIN,S,9974245,2,2,1,0
Ganymede kamome mix,EXHAUST,17,COMPLETE,AA,9460500,123,31,0,0
Ganymede kamome mix,INFINITE,19,COMPLETE,AA,9492344,90,1,0,0
GAMBOL (dfk SLC rmx),EXHAUST,13,ULTIMATE CHAIN,S,9948320,4,3,1,0
GAMBOL (dfk SLC rmx),INFINITE,16,EXCESSIVE COMPLETE,S,9933196,23,12,0,0
Clione Hommarju Remix,EXHAUST,12,EXCESSIVE COMPLETE,AAA+,9855072,1,1,0,0
SEED (DJ Noriken Remix),EXHAUST,13,ULTIMATE CHAIN,S,9951361,2,2,1,0
Distorted Floor,EXHAUST,15,EXCESSIVE COMPLETE,S,9911744,17,8,0,0
Distorted Floor,INFINITE,17,EXCESSIVE COMPLETE,AAA,9779260,34,30,0,0
Fire Strike,EXHAUST,13,ULTIMATE CHAIN,S,9942386,6,5,3,0
Fire Strike,HEAVENLY,17,EXCESSIVE COMPLETE,AA+,9655172,4,4,0,0
freaky freak,EXHAUST,15,ULTIMATE CHAIN,AAA+,9824098,67,46,1,0
freaky freak,GRAVITY,17,EXCESSIVE COMPLETE,AA,9465782,25,21,0,0
World Vertex,EXHAUST,14,EXCESSIVE COMPLETE,S,9916142,6,3,0,0
World Vertex,GRAVITY,16,EXCESSIVE COMPLETE,AAA+,9818224,9,8,0,0
天ノ弱,EXHAUST,13,ULTIMATE CHAIN,S,9968000,25,19,1,0
天ノ弱,INFINITE,17,EXCESSIVE COMPLETE,AAA+,9842355,37,29,0,0
Ignited Night burst,EXHAUST,14,ULTIMATE CHAIN,AAA+,9890009,29,29,1,0
Onigo,EXHAUST,16,EXCESSIVE COMPLETE,AAA+,9873453,34,23,0,0
Onigo,HEAVENLY,18,COMPLETE,AA+,9632956,18,14,0,0
caramel ribbon,EXHAUST,13,EXCESSIVE COMPLETE,S,9942965,10,5,0,0
caramel ribbon,INFINITE,16,EXCESSIVE COMPLETE,AAA+,9880617,16,16,0,0
君にエールを・・・！ （DJ UTO REMIX）,EXHAUST,14,ULTIMATE CHAIN,S,9950576,12,12,1,0
サヨナラ・ヘヴン （かめりあ's NEKOMATAelectroRMX）,EXHAUST,12,EXCESSIVE COMPLETE,AAA+,9851632,1,1,0,0
Space Diver Tama,EXHAUST,14,EXCESSIVE COMPLETE,AAA+,9863445,30,19,0,0
Space Diver Tama,HEAVENLY,17,EXCESSIVE COMPLETE,AAA,9743668,6,5,0,0
SOUL EXPLOSION,EXHAUST,13,EXCESSIVE COMPLETE,S,9905956,14,12,0,0
.59 -BOOTH BOOST REMIX-,EXHAUST,13,EXCESSIVE COMPLETE,S,9911209,11,6,0,0
Nyan Cat,EXHAUST,13,EXCESSIVE COMPLETE,S,9904063,7,7,0,0
Nyan Cat,INFINITE,16,EXCESSIVE COMPLETE,AAA,9785992,50,50,0,0
香港功夫大旋風,NOVICE,6,PLAYED,B,7759856,1,0,0,0
香港功夫大旋風,EXHAUST,16,EXCESSIVE COMPLETE,AAA,9742721,40,33,0,0
香港功夫大旋風,GRAVITY,17,COMPLETE,AA+,9642683,30,17,0,0
レトロスペクティビリー・メリーゴーランド,EXHAUST,12,EXCESSIVE COMPLETE,AAA+,9827437,1,1,0,0
恋する☆宇宙戦争っ！！ あばばばみっくす,EXHAUST,15,EXCESSIVE COMPLETE,S,9912280,13,13,0,0
恋する☆宇宙戦争っ！！ あばばばみっくす,INFINITE,15,EXCESSIVE COMPLETE,S,9911564,17,17,0,0
突撃!ガラスのニーソ姫! D.watt nu-denpa RMX,EXHAUST,15,EXCESSIVE COMPLETE,S,9972656,7,7,0,0
おにゃのこ　きねんび,EXHAUST,13,PERFECT,S,10000000,5,5,0,1
カーニバル,EXHAUST,14,EXCESSIVE COMPLETE,S,9936582,6,5,0,0
キミノメヲ,EXHAUST,12,EXCESSIVE COMPLETE,AAA+,9890000,1,1,0,0
春色ポートレート,EXHAUST,7,ULTIMATE CHAIN,S,9902152,2,2,1,0
RPGシンドローム,EXHAUST,13,EXCESSIVE COMPLETE,S,9916000,9,9,0,0
cloud,EXHAUST,12,ULTIMATE CHAIN,S,9935294,6,2,1,0
cloud,HEAVENLY,17,EXCESSIVE COMPLETE,AAA+,9822006,3,3,0,0
世界はネコのもの,EXHAUST,12,COMPLETE,AAA+,9857142,1,1,0,0
TYCOON,EXHAUST,15,ULTIMATE CHAIN,AAA+,9865350,67,54,1,0
TYCOON,INFINITE,17,EXCESSIVE COMPLETE,AAA+,9855305,28,24,0,0
neu BSP style,EXHAUST,16,EXCESSIVE COMPLETE,AAA,9771095,30,22,0,0
wound,EXHAUST,11,ULTIMATE CHAIN,AAA+,9892776,2,2,2,0
不思議玩具ガンガラディンドン,EXHAUST,14,EXCESSIVE COMPLETE,S,9922330,20,18,0,0
FLOWER REDALiCE Remix,NOVICE,6,COMPLETE,A+,9096958,1,1,0,0
FLOWER REDALiCE Remix,ADVANCED,11,COMPLETE,AA+,9565916,9,6,0,0
FLOWER REDALiCE Remix,EXHAUST,16,EXCESSIVE COMPLETE,AAA+,9818317,71,51,0,0
FLOWER REDALiCE Remix,INFINITE,18,COMPLETE,AA+,9554083,57,26,0,0
ヤサイマシ☆ニンニクアブラオオメ,EXHAUST,13,ULTIMATE CHAIN,S,9958915,2,2,2,0
ヤサイマシ☆ニンニクアブラオオメ,INFINITE,16,EXCESSIVE COMPLETE,S,9907975,21,21,0,0
U&M,EXHAUST,8,EXCESSIVE COMPLETE,S,9956834,1,1,0,0
Vampire Killer scar-ed Pf rmx,EXHAUST,12,EXCESSIVE COMPLETE,S,9931350,2,2,0,0
サイコパスコミュニケーション,EXHAUST,10,EXCESSIVE COMPLETE,AAA+,9871668,1,1,0,0
サイコパスコミュニケーション,INFINITE,13,EXCESSIVE COMPLETE,S,9956331,1,1,0,0
Second Heaven Lamaze-REMIX,EXHAUST,13,EXCESSIVE COMPLETE,S,9959422,7,7,0,0
Xepher Light and Darkness Dragon REMIX,ADVANCED,9,COMPLETE,A+,9157175,1,1,0,0
Xepher Light and Darkness Dragon REMIX,EXHAUST,16,EXCESSIVE COMPLETE,AAA,9746345,99,66,0,0
Xepher Light and Darkness Dragon REMIX,GRAVITY,18,COMPLETE,AA+,9544587,51,20,0,0
Diamond Dust Black Diamond Dust,EXHAUST,12,EXCESSIVE COMPLETE,AAA+,9858193,2,2,0,0
遠く Dexholic Mix,EXHAUST,11,EXCESSIVE COMPLETE,AA+,9661610,1,1,0,0
冥 Rockin' SWING REMIX,ADVANCED,12,PLAYED,A+,9125412,1,0,0,0
冥 Rockin' SWING REMIX,EXHAUST,16,EXCESSIVE COMPLETE,AAA+,9828653,68,49,0,0
冥 Rockin' SWING REMIX,INFINITE,18,EXCESSIVE COMPLETE,AAA,9762976,64,24,0,0
RED ZONE NeoClassical Party Remix,EXHAUST,14,ULTIMATE CHAIN,S,9923208,14,13,1,0
ALBIDA Powerless Mix,EXHAUST,13,EXCESSIVE COMPLETE,S,9912366,27,23,0,0
ALBIDA Powerless Mix,INFINITE,17,EXCESSIVE COMPLETE,AAA,9733379,41,39,0,0
It's over,EXHAUST,10,ULTIMATE CHAIN,S,9926160,4,4,1,0
It's over,INFINITE,13,ULTIMATE CHAIN,S,9988962,19,18,2,0
Iterator,EXHAUST,10,EXCESSIVE COMPLETE,AAA,9775280,1,1,0,0
Evans VolteX Pf arrange,EXHAUST,15,EXCESSIVE COMPLETE,AAA+,9811046,19,19,0,0
ガッテンだ!! Novoiski Remix,EXHAUST,11,ULTIMATE CHAIN,AAA+,9894625,1,1,1,0
good high school,EXHAUST,8,ULTIMATE CHAIN,S,9967391,2,1,1,0
good high school,INFINITE,17,EXCESSIVE COMPLETE,AAA,9753605,48,36,0,0
「月風魔伝」龍骨鬼戦 yks Remix,EXHAUST,13,ULTIMATE CHAIN,S,9952061,5,5,1,0
「月風魔伝」龍骨鬼戦 yks Remix,INFINITE,16,EXCESSIVE COMPLETE,S,9925675,22,14,0,0
ごりらがいるんだ,EXHAUST,12,COMPLETE,AAA+,9830942,7,4,0,0
ごりらがいるんだ ～かぼちゃが歌ってみたver～,INFINITE,15,ULTIMATE CHAIN,AAA+,9892116,19,19,1,0
jet coaster☆girl sasakure.UK tRiCkStAr Remix,EXHAUST,9,ULTIMATE CHAIN,S,9921316,3,3,2,0
dilemma,EXHAUST,10,EXCESSIVE COMPLETE,AAA+,9837340,1,1,0,0
SurVALI,EXHAUST,11,EXCESSIVE COMPLETE,AAA+,9809610,1,1,0,0
smooooch・∀・ KN mix,EXHAUST,13,EXCESSIVE COMPLETE,S,9927983,4,4,0,0
とある少年の一日,EXHAUST,12,ULTIMATE CHAIN,S,9926739,3,3,1,0
ナナイロ,INFINITE,13,EXCESSIVE COMPLETE,S,9966542,1,1,0,0
西日暮里の踊り,EXHAUST,12,PERFECT,S,10000000,1,1,0,1
西日暮里の踊り,INFINITE,16,EXCESSIVE COMPLETE,S,9966887,10,9,0,0
Ha･lle･lu･jah,EXHAUST,13,ULTIMATE CHAIN,S,9954128,20,18,1,0
Ha･lle･lu･jah,INFINITE,15,EXCESSIVE COMPLETE,S,9921328,21,21,0,0
バタフライキャット,EXHAUST,12,EXCESSIVE COMPLETE,AAA+,9815515,5,4,0,0
バタフライキャット,INFINITE,16,EXCESSIVE COMPLETE,S,9909977,6,6,0,0
PULSE LASER,EXHAUST,12,EXCESSIVE COMPLETE,AAA,9791878,4,4,0,0
PULSE LASER,INFINITE,16,EXCESSIVE COMPLETE,S,9914163,21,20,0,0
ヒマワリ MUZIK SERVANT Remix,EXHAUST,10,EXCESSIVE COMPLETE,S,9917943,1,1,0,0
ふしぎなくすり いっきのみっくす,EXHAUST,11,COMPLETE,AAA+,9836852,1,1,0,0
Broken 8cmix,EXHAUST,14,ULTIMATE CHAIN,AAA+,9887955,25,24,1,0
Broken 8cmix,HEAVENLY,18,EXCESSIVE COMPLETE,AA+,9660023,14,8,0,0
MAX 300 takamatt MIN REMIX,EXHAUST,11,EXCESSIVE COMPLETE,S,9953757,8,8,0,0
Love♡Shine わんだふるmix,EXHAUST,12,ULTIMATE CHAIN,S,9968586,1,1,1,0
Love♡sicK,EXHAUST,11,EXCESSIVE COMPLETE,AAA,9738276,1,1,0,0
Rebellious stage,EXHAUST,10,EXCESSIVE COMPLETE,AAA+,9899328,1,1,0,0
Rebellious stage,INFINITE,13,EXCESSIVE COMPLETE,S,9936823,3,3,0,0
凛として咲く花の如く スプーキィテルミィンミックス,ADVANCED,6,COMPLETE,A+,9103165,3,1,0,0
凛として咲く花の如く スプーキィテルミィンミックス,EXHAUST,9,EXCESSIVE COMPLETE,S,9920701,7,4,0,0
凛として咲く花の如く スプーキィテルミィンミックス,INFINITE,15,EXCESSIVE COMPLETE,S,9922425,14,13,0,0
